0,Brandy Daniel,denise*gaines,srl-isa,2,1633049155
1,Michael Fields,christopher?stokes,znta-ea,3,1661535515
2,Wendy Hall,shelly_allen,ylo-rhi,2,1649518955
3,Michael Morales,ross+schneider,nsapeki,2,1659761431
4,Amanda Novak,megan+scott,saaahnc,2,1657523420
5,Jamie Miller,jesus+simmons,nscjymt,3,1650425911
6,Michael Hill,rachel_stone,slmlacm,3,1654452826
7,Eric Anthony DVM,kathleen?smith,euhdvd,2,1648290114
8,Mr. Daniel Thompson,natasha_johnson,svdla,1,1647139490
9,Laura Ramirez,sally?rose,zhnsnsl,2,1638513899
10,Michael Gross,hannah_gomez,gi-ie,2,1637396646
11,Erica Savage,christine_koch,oaolmwrn,3,1655235099
12,Douglas Tucker,kelly?fisher,nlahik,1,1634335020
13,Nicole Hale,mary_mitchell,xcmilw,2,1644450097
14,Keith Ho,joshua_johnson,nsaski,1,1635217845
15,Jimmy Knight,lisa?snyder,smh-earm,2,1648519670
16,Mark Hess,david*madden,edhsmh,2,1631802422
17,Jeffrey Smith,andrew_martin,da-einj,1,1637517297
18,Jacqueline Fox,ebony+khan,rlewdad,3,1659415829
19,Michael Frost,maria+taylor,soleub,3,1646254139
20,Christopher Silva,matthew_kennedy,nobaisj,3,1646367279
