0,Nicole Mcintosh,5694 Colton Extension Suite 159 Mccartyburgh; HI 47459,482-764-4699x78089,1428690600.0,091-62-4965
1,Kimberly Mcclain,13613 William Shoals Jonesfort; MA 94844,(025)882-4786x8596,1410633000.0,697-71-9870
2,Sarah Garcia,710 Dakota Key Suite 194 Jefferymouth; ND 86806,(305)180-6989x887,972325800.0,208-41-1680
3,Phillip Robinson,6240 Malone Station Port Debra; DC 77884,471.124.9453,939925800.0,099-21-9246
4,Vanessa Kennedy,8074 Watkins Course Lake David; PA 06751,(365)113-7167,1222021800.0,664-18-3610
5,Kelsey Reid,229 Clark Street Apt. 176 Port Kayla; DE 01755,574-165-7225,1012329000.0,578-21-9905
6,Mrs. Mary Bailey,USNV Dyer FPO AE 56363,4309806534,767125800.0,120-79-7669
7,Samantha Wong,06616 Jordan Forge Suite 614 Steinburgh; CO 27900,968.564.2542x6336,1406917800.0,111-60-3423
8,Miranda Collins,859 Dean Underpass Williamsmouth; SC 85929,001-821-365-9248,826309800.0,845-35-4072
9,Shannon Brown,4034 Andrews Pines Apt. 447 Hillfurt; SD 39125,+1-766-712-8158x541,1005071400.0,459-20-3423
10,Alicia Thompson,907 Castillo Hill Perkinsport; LA 40261,796.255.7567x67797,716841000.0,133-39-2763
11,Brandi Carr,167 Williamson Ville Lake Willie; MI 72135,217.003.9213x1143,1516818600.0,713-56-5719
12,Caleb Alvarado,16993 Kelly Fall Apt. 868 West Patricia; HI 25242,+1-121-346-5632x71436,1530901800.0,072-55-9804
13,Sheila Dominguez,40160 Cohen Trail East Danielport; NE 73981,900.823.4653x18026,1468607400.0,208-69-8305
14,Mary Johnson,75416 Kristy Avenue Apt. 917 South Michaelhaven; TX 83900,398.164.3524x1947,766434600.0,144-33-5302
15,George Martinez,5063 Martinez Ports Suite 353 South Thomas; IN 46029,5800730325,1459362600.0,005-14-3974
16,Aaron Tate,07118 Kane Manors South Patrickton; DC 05219,834.951.9765,1265481000.0,243-40-1255
17,Taylor Fowler,0413 Joseph Station Suite 840 West Jeremiah; MS 58876,382-202-3662,1301423400.0,841-11-0984
18,Thomas Mitchell,16378 Phelps Fort Bryanton; AR 41942,+1-105-031-4047x2791,1533839400.0,233-03-9998
19,Valerie Peterson,53258 Deanna Turnpike Apt. 818 Schmidtview; SC 05935,1608837164,1297967400.0,636-23-8774
20,Philip Johnson,500 Green Manors Maxwellhaven; TX 45035,001-011-831-9674x4792,1377109800.0,798-26-4581
21,Brian Martinez,167 Padilla Centers Allisonfort; NJ 81667,(871)587-5064,1418236200.0,508-03-1009
22,Rebecca Schmidt,76903 Hartman Mountains Apt. 498 Chenbury; DE 39888,+1-260-594-1286,1358101800.0,712-46-7749
23,Hannah Smith,1547 Brian Key Suite 937 West Brianna; MI 09100,+1-295-981-4829,928089000.0,354-45-4302
24,David Evans,55721 Stephanie Forks Apt. 313 East Lauren; IL 79466,920-655-4057x3252,1151346600.0,311-31-1081
25,Jessica Sutton,USCGC Ramirez FPO AE 04561,720-650-3874,1218911400.0,575-58-3087
26,Mr. Nathan Ramirez,61219 Roberts Meadow Apt. 762 New Jennifermouth; NC 04163,114.744.1609x85298,1413743400.0,134-05-6063
27,Kyle Wood,276 Joshua Centers Suite 682 Richardborough; MO 76048,001-988-491-0866,1193596200.0,302-03-8623
28,Mary Martin PhD,7662 Contreras Spur Suite 428 Kathrynhaven; NJ 12294,(944)588-0995,810757800.0,703-90-6316
29,Bryan Coleman,419 Jonathan Streets Suite 648 South Ashleeshire; ND 86760,753-461-3140x26088,1226514600.0,161-17-0508
30,Jeanette King,168 Megan Parks Suite 400 Zunigastad; DE 99644,781-627-0980x91680,1027708200.0,881-04-3094
31,Katrina Webb,2790 Hernandez Rest North Kathyside; WV 03636,001-108-819-9930x6525,926274600.0,804-56-5979
32,Grant Gregory,PSC 1724; Box 9786 APO AA 18160,(916)847-0049x7113,1168453800.0,373-16-0448
33,Timothy Franklin,25500 Hobbs Locks Suite 246 Port Charles; NH 82105,(348)898-1715x3845,1073068200.0,893-29-7615
34,Meredith Cisneros,2798 Cameron Prairie Jordanfurt; AK 46249,(659)155-6596x099,1503772200.0,603-47-3619
35,Shawn Wade,3404 Randy Curve Freemanview; RI 36535,001-401-122-6147x934,1153420200.0,375-45-8875
36,Michael Wilcox,218 Susan Ranch Apt. 975 Lake Amanda; OH 69624,573.815.3203,1467138600.0,638-27-7442
37,Jeremy Huynh,80545 Duncan Throughway Shafferburgh; NH 41894,4495007200,746821800.0,137-51-5203
38,Jessica Russell,849 Berry Centers Apt. 956 South Julieborough; AK 43492,001-632-584-1889,1465756200.0,862-30-5701
39,Catherine Harper,75487 Adam Well Suite 751 South Brandifort; MS 09431,(459)977-9615,1083695400.0,010-71-1259
40,Michael Sanford,5499 Colleen Lake Port Shawn; VT 44693,(534)735-2461x92395,902255400.0,363-68-7824
41,Kari Davis,5113 Dalton Lane East Russellland; NC 47578,001-822-308-3773x659,1269455400.0,800-85-0424
42,Kyle Roman,2639 Vasquez Run West Michelle; WV 63314,(260)439-9963,1499365800.0,866-03-9822
43,Peter Kelly,9012 Jeremy Rapids Christopherfort; TX 27350,596-274-2023x56392,1072981800.0,358-86-0619
44,Christopher Jackson,76277 Stacy Circles Gregoryborough; VT 20354,+1-731-524-5432,1463164200.0,758-38-2051
45,James Welch,Unit 8183 Box 5611 DPO AP 08914,001-896-476-2850x841,988655400.0,826-14-7878
46,Matthew Burns,0196 Rebecca Field Suite 971 Campbellville; NH 73111,022.684.6751x27921,1506969000.0,679-31-5730
47,Mary Hogan,693 Melissa Lodge New Laura; WI 35103,(720)742-8871,1158431400.0,090-68-4785
48,Douglas Curtis,13079 Mcdaniel Inlet Ericside; NJ 22414,613.869.1230,1477679400.0,636-74-2845
49,Savannah Stone,8144 Michael Track Schwartzberg; MD 56315,393-929-7594x4188,1335292200.0,706-54-9325
50,Steven Foster,48998 Gibson Ford Apt. 476 Alexandriaville; HI 16241,001-611-710-6959x14894,814818600.0,080-58-6439
51,Cynthia Nguyen,48268 Gibson Trafficway Chambersmouth; AL 74064,423-388-3543x05959,1461004200.0,057-91-9222
52,Michael Kelly,48109 Veronica Fields Laurenland; SD 89020,+1-053-354-0271x015,1078684200.0,680-03-4585
53,Carl Stevens,3518 Robert Ridges Suite 209 Laurenborough; MD 13777,669-514-1698,1053023400.0,520-58-5683
54,Nicole Osborn,105 Andrews Ports Lawrencemouth; MI 27180,7160309534,1441996200.0,473-53-8379
55,Jamie Stewart,6820 Alejandro Inlet Apt. 979 South Victorhaven; NM 81816,(410)075-9899x39126,775506600.0,260-74-2248
56,James Baker,15084 Johnson Expressway Apt. 329 Christinefort; UT 60317,+1-998-477-8878x9797,859487400.0,547-30-2579
57,Vincent Steele,14447 Michael Springs South Angela; PA 07033,+1-661-956-5685x58274,1037989800.0,651-64-9825
58,Erik Stone,2385 Cannon Inlet Hansenmouth; FL 21362,001-773-467-7559,855253800.0,147-79-0740
59,Annette Haley,673 Karen Courts Suite 314 Ashleyton; IN 76420,+1-096-379-1883,828124200.0,056-51-7534
60,Lawrence Caldwell,1123 Michelle Hills Apt. 826 East Jaredmouth; RI 54113,718.682.9817x70491,1150569000.0,029-58-7322
61,Jose Bradford,2127 George Creek Suite 051 Grayville; KS 11904,093.375.3704x1321,1070735400.0,892-37-4916
62,Mary Porter,276 Linda Unions Apt. 622 Andrewsmouth; NH 50641,185-986-8911x45923,1506969000.0,127-57-9139
63,Alexis Carroll,PSC 7454; Box 3606 APO AP 09913,+1-021-212-2047,980965800.0,537-20-5184
64,Tyler Morrow,885 Giles Mission Apt. 544 Kimberlyville; MI 77595,(731)823-7335x62808,729023400.0,542-92-1489
65,Jose Kelley,95697 Amber Lane Apt. 033 Loweryside; OH 21774,(773)652-5252,1205346600.0,177-71-4541
66,James Sanchez,415 Gibson Roads Suite 935 North Melindachester; IA 96906,875.279.3330,1141756200.0,573-32-0660
67,Jasmine Pittman,58385 Drake Summit Perryville; MA 29686,238.076.4462x79746,1381429800.0,045-81-0742
68,Jennifer Gray DVM,66590 Kennedy Trafficway North Kevinmouth; IL 40070,+1-349-504-9335x08660,743884200.0,210-65-0162
69,Stephanie Allen,9923 Michelle Trail East Jason; FL 57220,988.015.0663,1445711400.0,778-16-2388
70,Jennifer Howard,93932 Melissa Summit Suite 369 Kingfurt; NJ 17235,001-481-394-7448x362,790021800.0,055-19-4958
71,Rhonda Patrick,38833 Thornton Mall Apt. 725 Smithberg; MO 91781,568.543.7829,803845800.0,023-68-8860
72,Andrew Thompson,92531 Knox Drive Lake Michaelview; SD 40065,+1-641-966-7861,902341800.0,467-14-6989
73,Emily Walker,85392 Penny Shores Apt. 407 East Latoya; DC 29652,(675)206-2407x706,1497378600.0,563-42-8753
74,Jesse Clayton,07796 Angela Estate Port Sarah; DE 29317,(166)201-4759,1102012200.0,342-97-1923
75,Jennifer Williams,345 Brady Squares Suite 630 Mcclurestad; LA 34594,+1-650-458-4013x026,913314600.0,021-84-3114
76,Laura Smith,1088 Hester Centers East Catherinehaven; MA 76564,094-380-5622,1453314600.0,891-13-8955
77,Steven Gray,078 Nicole Ridge Suite 010 Mejiaport; MO 92056,001-717-964-6602x38281,869682600.0,073-46-4011
78,Sherry Odonnell,942 Mcdonald Overpass Apt. 749 East Douglasport; DE 91809,8548889646,1004293800.0,033-69-1537
79,Hunter Gonzales,496 Reeves Causeway North Jason; IN 75791,(737)556-6116,1458585000.0,757-83-3814
80,Joseph Green,45150 Hardy Valleys Peterton; NH 28416,(116)628-9368,1064687400.0,301-78-3157
81,Renee Gordon,689 John Ranch Nicoletown; MS 48890,8312450642,1427394600.0,593-02-1727
82,Paul Hall,87745 Dean Rest Brianmouth; IL 97051,+1-454-532-3752x165,1090089000.0,278-22-9008
83,Roberto Meza,32493 Tammy Shore Suite 390 Burnsbury; DC 39769,(046)925-7774,1156617000.0,084-76-2469
84,Joseph Grimes,187 Carlos Garden Wolfeville; WY 02260,+1-390-256-6641,901650600.0,477-34-3562
85,Wendy Marshall,40796 Ryan Ramp Suite 992 Lake Daniel; MS 91841,087-241-5851x7911,756066600.0,306-98-3626
86,Steven Morris,92599 Catherine Crest East Michelleville; SC 02047,100-614-3290x566,907525800.0,600-64-8094
87,Selena Hernandez,5146 Barnes Knolls Suite 776 East William; MS 30221,001-960-944-9831x9100,1348338600.0,728-70-1697
88,Brian Delgado,6849 Peterson Springs Apt. 071 New Alexanderland; MA 76692,+1-878-942-9613x370,1464546600.0,617-15-9458
89,Patricia King,8212 Roberts Track Kimside; KY 02030,+1-660-120-8872,1130783400.0,665-91-1745
90,Vanessa Hammond,81080 Thomas Field South Anthonybury; NJ 98756,(344)801-6580x4039,1046629800.0,029-44-5305
91,Jamie Lawrence,95742 Anderson Grove Apt. 339 South Brendaland; AL 85772,398-752-4337x09028,1442255400.0,753-35-6041
92,Jason Wallace,3887 Decker Course East Elizabeth; IL 57339,(768)446-3552,1288377000.0,517-61-6523
93,Mark Flores,Unit 1170 Box 4505 DPO AA 22850,(452)531-7343x189,1489429800.0,439-36-8959
94,James Shelton,68541 Zachary Passage Apt. 309 Port Timothy; NM 16582,375.863.5702x4487,821989800.0,729-89-9880
95,James Todd,47344 York Heights Melissaside; NM 11961,(515)340-4111x95202,1348943400.0,579-21-4478
96,Mrs. Alison Moore,18316 David Station Apt. 995 Wolftown; WY 82313,164.449.0177,1125340200.0,803-21-2716
97,Caitlin Alexander,PSC 4790; Box 8841 APO AP 33539,5520772452,794687400.0,289-83-6158
98,John Thompson,6366 Dillon Brooks Apt. 863 Bakermouth; MT 70512,5727417830,1171477800.0,886-95-5195
99,Cassidy Craig,USNS Scott FPO AA 78454,031.058.7103x566,1371666600.0,817-76-0573
100,Natalie Price,299 Karen Common Apt. 393 New John; WY 84583,001-717-266-4452x3624,1084127400.0,017-50-7799
