0,2022-09-09,14
1,2022-09-09,12
2,2022-09-09,14
3,2022-09-09,6
4,2022-09-09,4
5,2022-09-09,1
6,2022-09-09,11
7,2022-09-09,20
8,2022-09-09,7
9,2022-09-09,0
10,2022-09-09,6
11,2022-09-09,8
12,2022-09-09,10
13,2022-09-09,8
14,2022-09-09,2
15,2022-09-09,2
16,2022-09-09,18
17,2022-09-09,10
18,2022-09-09,16
19,2022-09-09,16
20,2022-09-09,1
21,2022-09-09,1
22,2022-09-09,6
23,2022-09-09,4
24,2022-09-09,20
25,2022-09-09,6
26,2022-09-09,20
27,2022-09-09,18
28,2022-09-09,5
29,2022-09-09,1
30,2022-09-09,11
31,2022-09-09,19
32,2022-09-09,12
33,2022-09-09,3
34,2022-09-09,2
35,2022-09-09,12
36,2022-09-09,18
37,2022-09-09,18
38,2022-09-09,19
39,2022-09-09,11
40,2022-09-09,2
41,2022-09-09,17
42,2022-09-09,1
43,2022-09-09,10
44,2022-09-09,2
45,2022-09-09,20
46,2022-09-09,20
47,2022-09-09,20
48,2022-09-09,12
49,2022-09-09,16
50,2022-09-09,15
51,2022-09-09,5
52,2022-09-09,19
53,2022-09-09,6
54,2022-09-09,0
55,2022-09-09,20
56,2022-09-09,15
57,2022-09-09,18
58,2022-09-09,18
59,2022-09-09,8
60,2022-09-09,14
61,2022-09-09,20
62,2022-09-09,0
63,2022-09-09,7
64,2022-09-09,17
65,2022-09-09,7
66,2022-09-09,12
67,2022-09-09,14
68,2022-09-09,8
69,2022-09-09,18
70,2022-09-09,16
71,2022-09-09,15
72,2022-09-09,5
73,2022-09-09,4
74,2022-09-09,18
75,2022-09-09,9
76,2022-09-09,12
77,2022-09-09,5
78,2022-09-09,1
79,2022-09-09,8
80,2022-09-09,5
81,2022-09-09,10
82,2022-09-09,9
83,2022-09-09,14
84,2022-09-09,18
85,2022-09-09,14
86,2022-09-09,9
87,2022-09-09,8
88,2022-09-09,3
89,2022-09-09,19
90,2022-09-09,18
91,2022-09-09,6
92,2022-09-09,16
93,2022-09-09,10
94,2022-09-09,3
95,2022-09-09,2
96,2022-09-09,8
97,2022-09-09,18
98,2022-09-09,6
99,2022-09-09,1
100,2022-09-09,11
101,2022-09-09,5
102,2022-09-09,9
103,2022-09-09,8
104,2022-09-09,18
105,2022-09-09,18
106,2022-09-09,19
107,2022-09-09,7
108,2022-09-09,8
109,2022-09-09,13
110,2022-09-09,3
111,2022-09-09,13
112,2022-09-09,10
113,2022-09-09,12
114,2022-09-09,12
115,2022-09-09,9
116,2022-09-09,11
117,2022-09-09,7
118,2022-09-09,12
119,2022-09-09,8
120,2022-09-09,16
121,2022-09-09,6
122,2022-09-09,2
123,2022-09-09,5
124,2022-09-09,14
125,2022-09-09,20
126,2022-09-09,15
127,2022-09-09,14
128,2022-09-09,5
129,2022-09-09,16
130,2022-09-09,6
131,2022-09-09,8
132,2022-09-09,6
133,2022-09-09,1
134,2022-09-09,10
135,2022-09-09,19
136,2022-09-09,9
137,2022-09-09,16
138,2022-09-09,14
139,2022-09-09,7
140,2022-09-09,11
141,2022-09-09,18
142,2022-09-09,1
143,2022-09-09,19
144,2022-09-09,20
145,2022-09-09,16
146,2022-09-09,2
147,2022-09-09,2
148,2022-09-09,19
149,2022-09-09,19
150,2022-09-09,17
151,2022-09-09,4
152,2022-09-09,5
153,2022-09-09,3
154,2022-09-09,6
155,2022-09-09,18
156,2022-09-09,16
157,2022-09-09,16
158,2022-09-09,1
159,2022-09-09,11
160,2022-09-09,2
161,2022-09-09,2
162,2022-09-09,15
163,2022-09-09,13
164,2022-09-09,14
165,2022-09-09,20
166,2022-09-09,0
167,2022-09-09,20
168,2022-09-09,13
169,2022-09-09,4
170,2022-09-09,16
171,2022-09-09,5
172,2022-09-09,14
173,2022-09-09,10
174,2022-09-09,1
175,2022-09-09,19
176,2022-09-09,3
177,2022-09-09,13
178,2022-09-09,7
179,2022-09-09,8
180,2022-09-09,12
181,2022-09-09,5
182,2022-09-09,17
183,2022-09-09,8
184,2022-09-09,9
185,2022-09-09,12
186,2022-09-09,1
187,2022-09-09,11
188,2022-09-09,1
189,2022-09-09,15
190,2022-09-09,7
191,2022-09-09,17
192,2022-09-09,5
193,2022-09-09,13
194,2022-09-09,2
195,2022-09-09,0
196,2022-09-09,10
197,2022-09-09,0
198,2022-09-09,12
199,2022-09-09,18
200,2022-09-09,13
201,2022-09-09,17
202,2022-09-09,3
203,2022-09-09,8
204,2022-09-09,14
205,2022-09-09,1
206,2022-09-09,15
207,2022-09-09,17
208,2022-09-09,2
209,2022-09-09,16
210,2022-09-09,18
211,2022-09-09,4
212,2022-09-09,9
213,2022-09-09,3
214,2022-09-09,10
215,2022-09-09,0
216,2022-09-09,12
217,2022-09-09,10
218,2022-09-09,2
219,2022-09-09,5
220,2022-09-09,19
221,2022-09-09,4
222,2022-09-09,15
223,2022-09-09,14
224,2022-09-09,17
225,2022-09-09,11
226,2022-09-09,15
227,2022-09-09,0
228,2022-09-09,3
229,2022-09-09,18
230,2022-09-09,4
231,2022-09-09,8
232,2022-09-09,7
233,2022-09-09,9
234,2022-09-09,15
235,2022-09-09,11
236,2022-09-09,13
237,2022-09-09,19
238,2022-09-09,16
239,2022-09-09,5
240,2022-09-09,15
241,2022-09-09,18
242,2022-09-09,0
243,2022-09-09,14
244,2022-09-09,12
245,2022-09-09,4
246,2022-09-09,0
247,2022-09-09,18
248,2022-09-09,11
249,2022-09-09,15
250,2022-09-09,1
251,2022-09-09,2
252,2022-09-09,4
253,2022-09-09,6
254,2022-09-09,13
255,2022-09-09,17
256,2022-09-09,1
257,2022-09-09,4
258,2022-09-09,11
259,2022-09-09,20
260,2022-09-09,2
261,2022-09-09,14
262,2022-09-09,2
263,2022-09-09,11
264,2022-09-09,0
265,2022-09-09,11
266,2022-09-09,10
267,2022-09-09,8
268,2022-09-09,4
269,2022-09-09,15
270,2022-09-09,15
271,2022-09-09,18
272,2022-09-09,15
273,2022-09-09,8
274,2022-09-09,17
275,2022-09-09,16
276,2022-09-09,12
277,2022-09-09,10
278,2022-09-09,10
279,2022-09-09,1
280,2022-09-09,10
281,2022-09-09,4
282,2022-09-09,16
283,2022-09-09,18
284,2022-09-09,0
285,2022-09-09,12
286,2022-09-09,7
287,2022-09-09,8
288,2022-09-09,15
289,2022-09-09,1
290,2022-09-09,18
291,2022-09-09,7
292,2022-09-09,2
293,2022-09-09,11
294,2022-09-09,11
295,2022-09-09,3
296,2022-09-09,16
297,2022-09-09,20
298,2022-09-09,3
299,2022-09-09,9
300,2022-09-09,0
301,2022-09-09,16
302,2022-09-09,15
303,2022-09-09,7
304,2022-09-09,12
305,2022-09-09,8
306,2022-09-09,3
307,2022-09-09,1
308,2022-09-09,7
309,2022-09-09,13
310,2022-09-09,5
311,2022-09-09,0
312,2022-09-09,12
313,2022-09-09,19
314,2022-09-09,16
315,2022-09-09,1
316,2022-09-09,6
317,2022-09-09,5
318,2022-09-09,9
319,2022-09-09,8
320,2022-09-09,13
321,2022-09-09,6
322,2022-09-09,10
323,2022-09-09,7
324,2022-09-09,10
325,2022-09-09,9
326,2022-09-09,13
327,2022-09-09,0
328,2022-09-09,4
329,2022-09-09,19
330,2022-09-09,19
331,2022-09-09,13
332,2022-09-09,3
333,2022-09-09,13
334,2022-09-09,1
335,2022-09-09,17
336,2022-09-09,12
337,2022-09-09,15
338,2022-09-09,13
339,2022-09-09,3
340,2022-09-09,6
341,2022-09-09,11
342,2022-09-09,2
343,2022-09-09,6
344,2022-09-09,14
345,2022-09-09,9
346,2022-09-09,18
347,2022-09-09,0
348,2022-09-09,10
349,2022-09-09,9
350,2022-09-09,7
351,2022-09-09,3
352,2022-09-09,5
353,2022-09-09,19
354,2022-09-09,9
355,2022-09-09,9
356,2022-09-09,12
357,2022-09-09,12
358,2022-09-09,5
359,2022-09-09,13
360,2022-09-09,16
361,2022-09-09,13
362,2022-09-09,17
363,2022-09-09,16
364,2022-09-09,15
365,2022-09-09,6
366,2022-09-09,16
367,2022-09-09,6
368,2022-09-09,13
369,2022-09-09,9
370,2022-09-09,13
371,2022-09-09,11
372,2022-09-09,16
373,2022-09-09,11
374,2022-09-09,2
375,2022-09-09,7
376,2022-09-09,11
377,2022-09-09,6
378,2022-09-09,20
379,2022-09-09,7
380,2022-09-09,5
381,2022-09-09,8
382,2022-09-09,2
383,2022-09-09,7
384,2022-09-09,16
385,2022-09-09,6
386,2022-09-09,7
387,2022-09-09,12
388,2022-09-09,5
389,2022-09-09,18
390,2022-09-09,15
391,2022-09-09,13
392,2022-09-09,12
393,2022-09-09,18
394,2022-09-09,6
395,2022-09-09,3
396,2022-09-09,2
397,2022-09-09,2
398,2022-09-09,12
399,2022-09-09,18
400,2022-09-09,19
401,2022-09-09,7
402,2022-09-09,10
403,2022-09-09,4
404,2022-09-09,2
405,2022-09-09,6
406,2022-09-09,4
407,2022-09-09,12
408,2022-09-09,10
409,2022-09-09,4
410,2022-09-09,3
411,2022-09-09,10
412,2022-09-09,2
413,2022-09-09,3
414,2022-09-09,20
415,2022-09-09,0
416,2022-09-09,20
417,2022-09-09,7
418,2022-09-09,10
419,2022-09-09,13
420,2022-09-09,14
421,2022-09-09,7
422,2022-09-09,6
423,2022-09-09,20
424,2022-09-09,0
425,2022-09-09,10
426,2022-09-09,5
427,2022-09-09,1
428,2022-09-09,19
429,2022-09-09,18
430,2022-09-09,12
431,2022-09-09,15
432,2022-09-09,14
433,2022-09-09,10
434,2022-09-09,14
435,2022-09-09,12
436,2022-09-09,5
437,2022-09-09,16
438,2022-09-09,20
439,2022-09-09,20
440,2022-09-09,20
441,2022-09-09,11
442,2022-09-09,10
443,2022-09-09,13
444,2022-09-09,13
445,2022-09-09,18
446,2022-09-09,12
447,2022-09-09,10
448,2022-09-09,4
449,2022-09-09,9
450,2022-09-09,11
451,2022-09-09,20
452,2022-09-09,2
453,2022-09-09,4
454,2022-09-09,9
455,2022-09-09,0
456,2022-09-09,20
457,2022-09-09,18
458,2022-09-09,4
459,2022-09-09,8
460,2022-09-09,18
461,2022-09-09,19
462,2022-09-09,3
463,2022-09-09,13
464,2022-09-09,15
465,2022-09-09,6
466,2022-09-09,10
467,2022-09-09,5
468,2022-09-09,6
469,2022-09-09,13
470,2022-09-09,15
471,2022-09-09,7
472,2022-09-09,3
473,2022-09-09,7
474,2022-09-09,18
475,2022-09-09,8
476,2022-09-09,2
477,2022-09-09,0
478,2022-09-09,11
479,2022-09-09,2
480,2022-09-09,12
481,2022-09-09,18
482,2022-09-09,5
483,2022-09-09,18
484,2022-09-09,6
485,2022-09-09,11
486,2022-09-09,17
487,2022-09-09,20
488,2022-09-09,12
489,2022-09-09,6
490,2022-09-09,1
491,2022-09-09,1
492,2022-09-09,20
493,2022-09-09,15
494,2022-09-09,7
495,2022-09-09,14
496,2022-09-09,11
497,2022-09-09,1
498,2022-09-09,20
499,2022-09-09,13
500,2022-09-09,0
501,2022-09-09,18
502,2022-09-09,2
503,2022-09-09,0
504,2022-09-09,4
505,2022-09-09,8
506,2022-09-09,3
507,2022-09-09,5
508,2022-09-09,12
509,2022-09-09,18
510,2022-09-09,13
511,2022-09-09,3
512,2022-09-09,0
513,2022-09-09,10
514,2022-09-09,12
515,2022-09-09,14
516,2022-09-09,17
517,2022-09-09,7
518,2022-09-09,20
519,2022-09-09,9
520,2022-09-09,18
521,2022-09-09,16
522,2022-09-09,4
523,2022-09-09,13
524,2022-09-09,10
525,2022-09-09,20
526,2022-09-09,20
527,2022-09-09,8
528,2022-09-09,19
529,2022-09-09,17
530,2022-09-09,15
531,2022-09-09,5
532,2022-09-09,2
533,2022-09-09,11
534,2022-09-09,19
535,2022-09-09,6
536,2022-09-09,8
537,2022-09-09,5
538,2022-09-09,16
539,2022-09-09,19
540,2022-09-09,9
541,2022-09-09,3
542,2022-09-09,0
543,2022-09-09,5
544,2022-09-09,3
545,2022-09-09,10
546,2022-09-09,6
547,2022-09-09,2
548,2022-09-09,18
549,2022-09-09,17
550,2022-09-09,11
551,2022-09-09,0
552,2022-09-09,13
553,2022-09-09,11
554,2022-09-09,12
555,2022-09-09,7
556,2022-09-09,6
557,2022-09-09,2
558,2022-09-09,4
559,2022-09-09,2
560,2022-09-09,15
561,2022-09-09,16
562,2022-09-09,20
563,2022-09-09,12
564,2022-09-09,14
565,2022-09-09,20
566,2022-09-09,12
567,2022-09-09,1
568,2022-09-09,3
569,2022-09-09,19
570,2022-09-09,17
571,2022-09-09,8
572,2022-09-09,4
573,2022-09-09,15
574,2022-09-09,6
575,2022-09-09,12
576,2022-09-09,20
577,2022-09-09,20
578,2022-09-09,3
579,2022-09-09,3
580,2022-09-09,5
581,2022-09-09,8
582,2022-09-09,1
583,2022-09-09,19
584,2022-09-09,9
585,2022-09-09,8
586,2022-09-09,1
587,2022-09-09,14
588,2022-09-09,18
589,2022-09-09,20
590,2022-09-09,9
591,2022-09-09,10
592,2022-09-09,11
593,2022-09-09,7
594,2022-09-09,6
595,2022-09-09,1
596,2022-09-09,18
597,2022-09-09,10
598,2022-09-09,17
599,2022-09-09,10
600,2022-09-09,18
601,2022-09-09,19
602,2022-09-09,3
603,2022-09-09,13
604,2022-09-09,15
605,2022-09-09,14
606,2022-09-09,18
607,2022-09-09,1
608,2022-09-09,0
609,2022-09-09,5
610,2022-09-09,1
611,2022-09-09,10
612,2022-09-09,13
613,2022-09-09,3
614,2022-09-09,4
615,2022-09-09,6
616,2022-09-09,1
617,2022-09-09,17
618,2022-09-09,12
619,2022-09-09,7
620,2022-09-09,19
621,2022-09-09,8
622,2022-09-09,3
623,2022-09-09,17
624,2022-09-09,1
625,2022-09-09,12
626,2022-09-09,10
627,2022-09-09,8
628,2022-09-09,4
629,2022-09-09,7
630,2022-09-09,11
631,2022-09-09,4
632,2022-09-09,12
633,2022-09-09,7
634,2022-09-09,5
635,2022-09-09,3
636,2022-09-09,3
637,2022-09-09,1
638,2022-09-09,6
639,2022-09-09,4
640,2022-09-09,7
641,2022-09-09,10
642,2022-09-09,14
643,2022-09-09,15
644,2022-09-09,15
645,2022-09-09,3
646,2022-09-09,16
647,2022-09-09,2
648,2022-09-09,20
649,2022-09-09,18
650,2022-09-09,9
651,2022-09-09,8
652,2022-09-09,3
653,2022-09-09,4
654,2022-09-09,0
655,2022-09-09,14
656,2022-09-09,17
657,2022-09-09,14
658,2022-09-09,12
659,2022-09-09,16
660,2022-09-09,11
661,2022-09-09,15
662,2022-09-09,16
663,2022-09-09,18
664,2022-09-09,19
665,2022-09-09,18
666,2022-09-09,20
667,2022-09-09,12
668,2022-09-09,8
669,2022-09-09,13
670,2022-09-09,8
671,2022-09-09,15
672,2022-09-09,7
673,2022-09-09,10
674,2022-09-09,19
675,2022-09-09,11
676,2022-09-09,1
677,2022-09-09,3
678,2022-09-09,12
679,2022-09-09,3
680,2022-09-09,18
681,2022-09-09,5
682,2022-09-09,17
683,2022-09-09,19
684,2022-09-09,3
685,2022-09-09,13
686,2022-09-09,16
687,2022-09-09,13
688,2022-09-09,0
689,2022-09-09,9
690,2022-09-09,2
691,2022-09-09,20
692,2022-09-09,2
693,2022-09-09,9
694,2022-09-09,11
695,2022-09-09,8
696,2022-09-09,13
697,2022-09-09,16
698,2022-09-09,19
699,2022-09-09,17
700,2022-09-09,15
701,2022-09-09,5
702,2022-09-09,18
703,2022-09-09,15
704,2022-09-09,6
705,2022-09-09,2
706,2022-09-09,18
707,2022-09-09,15
708,2022-09-09,0
709,2022-09-09,13
710,2022-09-09,16
711,2022-09-09,19
712,2022-09-09,17
713,2022-09-09,17
714,2022-09-09,17
715,2022-09-09,6
716,2022-09-09,13
717,2022-09-09,18
718,2022-09-09,13
719,2022-09-09,4
720,2022-09-09,6
721,2022-09-09,2
722,2022-09-09,9
723,2022-09-09,13
724,2022-09-09,0
725,2022-09-09,1
726,2022-09-09,20
727,2022-09-09,12
728,2022-09-09,19
729,2022-09-09,20
730,2022-09-09,0
731,2022-09-09,2
732,2022-09-09,6
733,2022-09-09,9
734,2022-09-09,13
735,2022-09-09,16
736,2022-09-09,6
737,2022-09-09,10
738,2022-09-09,3
739,2022-09-09,7
740,2022-09-09,14
741,2022-09-09,18
742,2022-09-09,0
743,2022-09-09,0
744,2022-09-09,10
745,2022-09-09,19
746,2022-09-09,17
747,2022-09-09,14
748,2022-09-09,12
749,2022-09-09,4
750,2022-09-09,4
751,2022-09-09,15
752,2022-09-09,12
753,2022-09-09,4
754,2022-09-09,16
755,2022-09-09,13
756,2022-09-09,5
757,2022-09-09,5
758,2022-09-09,4
759,2022-09-09,11
760,2022-09-09,19
761,2022-09-09,1
762,2022-09-09,6
763,2022-09-09,10
764,2022-09-09,7
765,2022-09-09,20
766,2022-09-09,9
767,2022-09-09,12
768,2022-09-09,5
769,2022-09-09,4
770,2022-09-09,8
771,2022-09-09,8
772,2022-09-09,19
773,2022-09-09,12
774,2022-09-09,18
775,2022-09-09,16
776,2022-09-09,14
777,2022-09-09,1
778,2022-09-09,5
779,2022-09-09,5
780,2022-09-09,3
781,2022-09-09,20
782,2022-09-09,17
783,2022-09-09,19
784,2022-09-09,14
785,2022-09-09,14
786,2022-09-09,17
787,2022-09-09,19
788,2022-09-09,16
789,2022-09-09,12
790,2022-09-09,1
791,2022-09-09,19
792,2022-09-09,5
793,2022-09-09,9
794,2022-09-09,4
795,2022-09-09,8
796,2022-09-09,20
797,2022-09-09,6
798,2022-09-09,11
799,2022-09-09,4
800,2022-09-09,14
801,2022-09-09,9
802,2022-09-09,1
803,2022-09-09,14
804,2022-09-09,15
805,2022-09-09,1
806,2022-09-09,20
807,2022-09-09,3
808,2022-09-09,8
809,2022-09-09,19
810,2022-09-09,6
811,2022-09-09,6
812,2022-09-09,8
813,2022-09-09,5
814,2022-09-09,15
815,2022-09-09,0
816,2022-09-09,3
817,2022-09-09,4
818,2022-09-09,8
819,2022-09-09,17
820,2022-09-09,14
821,2022-09-09,13
822,2022-09-09,10
823,2022-09-09,18
824,2022-09-09,10
825,2022-09-09,3
826,2022-09-09,5
827,2022-09-09,5
828,2022-09-09,3
829,2022-09-09,15
830,2022-09-09,20
831,2022-09-09,4
832,2022-09-09,14
833,2022-09-09,17
834,2022-09-09,6
835,2022-09-09,16
836,2022-09-09,18
837,2022-09-09,3
838,2022-09-09,5
839,2022-09-09,14
840,2022-09-09,15
841,2022-09-09,14
842,2022-09-09,14
843,2022-09-09,18
844,2022-09-09,9
845,2022-09-09,11
846,2022-09-09,12
847,2022-09-09,12
848,2022-09-09,5
849,2022-09-09,8
850,2022-09-09,15
851,2022-09-09,20
852,2022-09-09,0
853,2022-09-09,11
854,2022-09-09,17
855,2022-09-09,11
856,2022-09-09,18
857,2022-09-09,4
858,2022-09-09,8
859,2022-09-09,3
860,2022-09-09,19
861,2022-09-09,14
862,2022-09-09,18
863,2022-09-09,9
864,2022-09-09,19
865,2022-09-09,7
866,2022-09-09,10
867,2022-09-09,8
868,2022-09-09,19
869,2022-09-09,18
870,2022-09-09,1
871,2022-09-09,20
872,2022-09-09,14
873,2022-09-09,0
874,2022-09-09,0
875,2022-09-09,2
876,2022-09-09,8
877,2022-09-09,12
878,2022-09-09,0
879,2022-09-09,13
880,2022-09-09,8
881,2022-09-09,5
882,2022-09-09,2
883,2022-09-09,5
884,2022-09-09,14
885,2022-09-09,17
886,2022-09-09,15
887,2022-09-09,11
888,2022-09-09,5
889,2022-09-09,0
890,2022-09-09,8
891,2022-09-09,12
892,2022-09-09,14
893,2022-09-09,2
894,2022-09-09,19
895,2022-09-09,17
896,2022-09-09,20
897,2022-09-09,19
898,2022-09-09,18
899,2022-09-09,20
900,2022-09-09,12
901,2022-09-09,1
902,2022-09-09,2
903,2022-09-09,2
904,2022-09-09,12
905,2022-09-09,9
906,2022-09-09,20
907,2022-09-09,2
908,2022-09-09,13
909,2022-09-09,18
910,2022-09-09,15
911,2022-09-09,7
912,2022-09-09,19
913,2022-09-09,9
914,2022-09-09,1
915,2022-09-09,13
916,2022-09-09,13
917,2022-09-09,0
918,2022-09-09,5
919,2022-09-09,2
920,2022-09-09,12
921,2022-09-09,19
922,2022-09-09,18
923,2022-09-09,15
924,2022-09-09,17
925,2022-09-09,7
926,2022-09-09,13
927,2022-09-09,2
928,2022-09-09,1
929,2022-09-09,7
930,2022-09-09,16
931,2022-09-09,18
932,2022-09-09,16
933,2022-09-09,0
934,2022-09-09,12
935,2022-09-09,6
936,2022-09-09,13
937,2022-09-09,11
938,2022-09-09,19
939,2022-09-09,2
940,2022-09-09,6
941,2022-09-09,10
942,2022-09-09,6
943,2022-09-09,3
944,2022-09-09,18
945,2022-09-09,2
946,2022-09-09,20
947,2022-09-09,16
948,2022-09-09,1
949,2022-09-09,0
950,2022-09-09,2
951,2022-09-09,18
952,2022-09-09,13
953,2022-09-09,4
954,2022-09-09,18
955,2022-09-09,18
956,2022-09-09,14
957,2022-09-09,7
958,2022-09-09,15
959,2022-09-09,12
960,2022-09-09,14
961,2022-09-09,19
962,2022-09-09,3
963,2022-09-09,18
964,2022-09-09,1
965,2022-09-09,14
966,2022-09-09,17
967,2022-09-09,14
968,2022-09-09,20
969,2022-09-09,19
970,2022-09-09,12
971,2022-09-09,17
972,2022-09-09,7
973,2022-09-09,9
974,2022-09-09,20
975,2022-09-09,4
976,2022-09-09,14
977,2022-09-09,14
978,2022-09-09,4
979,2022-09-09,20
980,2022-09-09,16
981,2022-09-09,17
982,2022-09-09,2
983,2022-09-09,0
984,2022-09-09,13
985,2022-09-09,17
986,2022-09-09,5
987,2022-09-09,5
988,2022-09-09,15
989,2022-09-09,16
990,2022-09-09,16
991,2022-09-09,5
992,2022-09-09,9
993,2022-09-09,2
994,2022-09-09,12
995,2022-09-09,15
996,2022-09-09,15
997,2022-09-09,3
998,2022-09-09,11
999,2022-09-09,0
1000,2022-09-09,5
1001,2022-09-09,10
1002,2022-09-09,5
1003,2022-09-09,12
1004,2022-09-09,4
1005,2022-09-09,3
1006,2022-09-09,18
1007,2022-09-09,13
1008,2022-09-09,9
1009,2022-09-09,11
1010,2022-09-09,4
1011,2022-09-09,15
1012,2022-09-09,8
1013,2022-09-09,8
1014,2022-09-09,12
1015,2022-09-09,19
1016,2022-09-09,16
1017,2022-09-09,12
1018,2022-09-09,8
1019,2022-09-09,15
1020,2022-09-09,14
1021,2022-09-09,18
1022,2022-09-09,20
1023,2022-09-09,4
1024,2022-09-09,20
1025,2022-09-09,1
1026,2022-09-09,1
1027,2022-09-09,16
1028,2022-09-09,17
1029,2022-09-09,14
1030,2022-09-09,11
1031,2022-09-09,6
1032,2022-09-09,1
1033,2022-09-09,8
1034,2022-09-09,9
1035,2022-09-09,2
1036,2022-09-09,0
1037,2022-09-09,11
1038,2022-09-09,18
1039,2022-09-09,5
1040,2022-09-09,7
1041,2022-09-09,0
1042,2022-09-09,17
1043,2022-09-09,15
1044,2022-09-09,4
1045,2022-09-09,0
1046,2022-09-09,17
1047,2022-09-09,18
1048,2022-09-09,8
1049,2022-09-09,2
1050,2022-09-09,20
1051,2022-09-09,20
1052,2022-09-09,18
1053,2022-09-09,19
1054,2022-09-09,5
1055,2022-09-09,19
1056,2022-09-09,16
1057,2022-09-09,7
1058,2022-09-09,14
1059,2022-09-09,13
1060,2022-09-09,14
1061,2022-09-09,5
1062,2022-09-09,17
1063,2022-09-09,11
1064,2022-09-09,18
1065,2022-09-09,20
1066,2022-09-09,0
1067,2022-09-09,13
1068,2022-09-09,19
1069,2022-09-09,16
1070,2022-09-09,12
1071,2022-09-09,9
1072,2022-09-09,16
1073,2022-09-09,7
1074,2022-09-09,1
1075,2022-09-09,7
1076,2022-09-09,16
1077,2022-09-09,20
1078,2022-09-09,19
1079,2022-09-09,8
1080,2022-09-09,14
1081,2022-09-09,18
1082,2022-09-09,0
1083,2022-09-09,5
1084,2022-09-09,15
1085,2022-09-09,20
1086,2022-09-09,7
1087,2022-09-09,12
1088,2022-09-09,10
1089,2022-09-09,0
1090,2022-09-09,14
1091,2022-09-09,4
1092,2022-09-09,9
1093,2022-09-09,13
1094,2022-09-09,17
1095,2022-09-09,19
1096,2022-09-09,18
1097,2022-09-09,11
1098,2022-09-09,13
1099,2022-09-09,14
1100,2022-09-09,8
1101,2022-09-09,5
1102,2022-09-09,20
1103,2022-09-09,0
1104,2022-09-09,7
1105,2022-09-09,15
1106,2022-09-09,12
1107,2022-09-09,8
1108,2022-09-09,11
1109,2022-09-09,11
1110,2022-09-09,19
1111,2022-09-09,11
1112,2022-09-09,10
1113,2022-09-09,16
1114,2022-09-09,1
1115,2022-09-09,15
1116,2022-09-09,3
1117,2022-09-09,8
1118,2022-09-09,4
1119,2022-09-09,2
1120,2022-09-09,13
1121,2022-09-09,1
1122,2022-09-09,18
1123,2022-09-09,9
1124,2022-09-09,13
1125,2022-09-09,14
1126,2022-09-09,1
1127,2022-09-09,2
1128,2022-09-09,0
1129,2022-09-09,14
1130,2022-09-09,4
1131,2022-09-09,17
1132,2022-09-09,13
1133,2022-09-09,14
1134,2022-09-09,18
1135,2022-09-09,10
1136,2022-09-09,12
1137,2022-09-09,9
1138,2022-09-09,15
1139,2022-09-09,0
1140,2022-09-09,15
1141,2022-09-09,14
1142,2022-09-09,13
1143,2022-09-09,12
1144,2022-09-09,4
1145,2022-09-09,12
1146,2022-09-09,17
1147,2022-09-09,5
1148,2022-09-09,5
1149,2022-09-09,8
1150,2022-09-09,16
1151,2022-09-09,12
1152,2022-09-09,3
1153,2022-09-09,11
1154,2022-09-09,0
1155,2022-09-09,8
1156,2022-09-09,3
1157,2022-09-09,9
1158,2022-09-09,11
1159,2022-09-09,6
1160,2022-09-09,10
1161,2022-09-09,8
1162,2022-09-09,2
1163,2022-09-09,0
1164,2022-09-09,0
1165,2022-09-09,8
1166,2022-09-09,20
1167,2022-09-09,4
1168,2022-09-09,10
1169,2022-09-09,0
1170,2022-09-09,7
1171,2022-09-09,7
1172,2022-09-09,3
1173,2022-09-09,15
1174,2022-09-09,3
1175,2022-09-09,7
1176,2022-09-09,6
1177,2022-09-09,7
1178,2022-09-09,13
1179,2022-09-09,15
1180,2022-09-09,18
1181,2022-09-09,13
1182,2022-09-09,11
1183,2022-09-09,20
1184,2022-09-09,11
1185,2022-09-09,10
1186,2022-09-09,7
1187,2022-09-09,16
1188,2022-09-09,8
1189,2022-09-09,16
1190,2022-09-09,6
1191,2022-09-09,4
1192,2022-09-09,13
1193,2022-09-09,0
1194,2022-09-09,7
1195,2022-09-09,12
1196,2022-09-09,0
1197,2022-09-09,11
1198,2022-09-09,19
1199,2022-09-09,2
1200,2022-09-09,9
1201,2022-09-09,8
1202,2022-09-09,19
1203,2022-09-09,20
1204,2022-09-09,1
1205,2022-09-09,20
1206,2022-09-09,20
1207,2022-09-09,0
1208,2022-09-09,10
1209,2022-09-09,20
1210,2022-09-09,6
1211,2022-09-09,6
1212,2022-09-09,13
1213,2022-09-09,2
1214,2022-09-09,14
1215,2022-09-09,12
1216,2022-09-09,4
1217,2022-09-09,7
1218,2022-09-09,11
1219,2022-09-09,16
1220,2022-09-09,10
1221,2022-09-09,18
1222,2022-09-09,9
1223,2022-09-09,2
1224,2022-09-09,3
1225,2022-09-09,14
1226,2022-09-09,9
1227,2022-09-09,4
1228,2022-09-09,0
1229,2022-09-09,11
1230,2022-09-09,6
1231,2022-09-09,13
1232,2022-09-09,17
1233,2022-09-09,2
1234,2022-09-09,0
1235,2022-09-09,15
1236,2022-09-09,15
1237,2022-09-09,15
1238,2022-09-09,15
1239,2022-09-09,17
1240,2022-09-09,9
1241,2022-09-09,20
1242,2022-09-09,6
1243,2022-09-09,2
1244,2022-09-09,7
1245,2022-09-09,11
1246,2022-09-09,10
1247,2022-09-09,14
1248,2022-09-09,9
1249,2022-09-09,17
1250,2022-09-09,14
1251,2022-09-09,18
1252,2022-09-09,11
1253,2022-09-09,11
1254,2022-09-09,3
1255,2022-09-09,8
1256,2022-09-09,10
1257,2022-09-09,7
1258,2022-09-09,5
1259,2022-09-09,1
1260,2022-09-09,8
1261,2022-09-09,9
1262,2022-09-09,3
1263,2022-09-09,8
1264,2022-09-09,1
1265,2022-09-09,19
1266,2022-09-09,12
1267,2022-09-09,1
1268,2022-09-09,17
1269,2022-09-09,1
1270,2022-09-09,11
1271,2022-09-09,5
1272,2022-09-09,12
1273,2022-09-09,11
1274,2022-09-09,17
1275,2022-09-09,13
1276,2022-09-09,12
1277,2022-09-09,17
1278,2022-09-09,19
1279,2022-09-09,20
1280,2022-09-09,20
1281,2022-09-09,10
1282,2022-09-09,8
1283,2022-09-09,17
1284,2022-09-09,8
1285,2022-09-09,16
1286,2022-09-09,5
1287,2022-09-09,2
1288,2022-09-09,14
1289,2022-09-09,8
1290,2022-09-09,2
1291,2022-09-09,1
1292,2022-09-09,1
1293,2022-09-09,20
1294,2022-09-09,20
1295,2022-09-09,10
1296,2022-09-09,2
1297,2022-09-09,4
1298,2022-09-09,16
1299,2022-09-09,7
1300,2022-09-09,18
1301,2022-09-09,3
1302,2022-09-09,12
1303,2022-09-09,10
1304,2022-09-09,19
1305,2022-09-09,13
1306,2022-09-09,3
1307,2022-09-09,0
1308,2022-09-09,16
1309,2022-09-09,4
1310,2022-09-09,0
1311,2022-09-09,10
1312,2022-09-09,0
1313,2022-09-09,3
1314,2022-09-09,12
1315,2022-09-09,19
1316,2022-09-09,13
1317,2022-09-09,1
1318,2022-09-09,20
1319,2022-09-09,5
1320,2022-09-09,5
1321,2022-09-09,13
1322,2022-09-09,3
1323,2022-09-09,1
1324,2022-09-09,6
1325,2022-09-09,10
1326,2022-09-09,10
1327,2022-09-09,3
1328,2022-09-09,8
1329,2022-09-09,7
1330,2022-09-09,17
1331,2022-09-09,9
1332,2022-09-09,6
1333,2022-09-09,10
1334,2022-09-09,18
1335,2022-09-09,19
1336,2022-09-09,17
1337,2022-09-09,16
1338,2022-09-09,10
1339,2022-09-09,4
1340,2022-09-09,10
1341,2022-09-09,1
1342,2022-09-09,6
1343,2022-09-09,13
1344,2022-09-09,19
1345,2022-09-09,0
1346,2022-09-09,8
1347,2022-09-09,0
1348,2022-09-09,0
1349,2022-09-09,2
1350,2022-09-09,20
1351,2022-09-09,15
1352,2022-09-09,9
1353,2022-09-09,4
1354,2022-09-09,11
1355,2022-09-09,4
1356,2022-09-09,5
1357,2022-09-09,18
1358,2022-09-09,16
1359,2022-09-09,11
1360,2022-09-09,7
1361,2022-09-09,6
1362,2022-09-09,16
1363,2022-09-09,17
1364,2022-09-09,13
1365,2022-09-09,4
1366,2022-09-09,2
1367,2022-09-09,7
1368,2022-09-09,6
1369,2022-09-09,20
1370,2022-09-09,4
1371,2022-09-09,14
1372,2022-09-09,5
1373,2022-09-09,2
1374,2022-09-09,13
1375,2022-09-09,16
1376,2022-09-09,4
1377,2022-09-09,13
1378,2022-09-09,12
1379,2022-09-09,7
1380,2022-09-09,10
1381,2022-09-09,20
1382,2022-09-09,15
1383,2022-09-09,10
1384,2022-09-09,20
1385,2022-09-09,1
1386,2022-09-09,4
1387,2022-09-09,18
1388,2022-09-09,14
1389,2022-09-09,12
1390,2022-09-09,9
1391,2022-09-09,17
1392,2022-09-09,19
1393,2022-09-09,15
1394,2022-09-09,10
1395,2022-09-09,18
1396,2022-09-09,17
1397,2022-09-09,16
1398,2022-09-09,1
1399,2022-09-09,0
1400,2022-09-09,11
1401,2022-09-09,1
1402,2022-09-09,8
1403,2022-09-09,11
1404,2022-09-09,2
1405,2022-09-09,5
1406,2022-09-09,11
1407,2022-09-09,16
1408,2022-09-09,4
1409,2022-09-09,12
1410,2022-09-09,17
1411,2022-09-09,14
1412,2022-09-09,13
1413,2022-09-09,13
1414,2022-09-09,6
1415,2022-09-09,14
1416,2022-09-09,6
1417,2022-09-09,17
1418,2022-09-09,15
1419,2022-09-09,11
1420,2022-09-09,7
1421,2022-09-09,7
1422,2022-09-09,4
1423,2022-09-09,7
1424,2022-09-09,16
1425,2022-09-09,17
1426,2022-09-09,6
1427,2022-09-09,4
1428,2022-09-09,1
1429,2022-09-09,15
1430,2022-09-09,13
1431,2022-09-09,5
1432,2022-09-09,4
1433,2022-09-09,17
1434,2022-09-09,7
1435,2022-09-09,4
1436,2022-09-09,5
1437,2022-09-09,8
1438,2022-09-09,8
1439,2022-09-09,18
1440,2022-09-09,16
1441,2022-09-09,13
1442,2022-09-09,11
1443,2022-09-09,2
1444,2022-09-09,10
1445,2022-09-09,18
1446,2022-09-09,18
1447,2022-09-09,7
1448,2022-09-09,6
1449,2022-09-09,18
1450,2022-09-09,1
1451,2022-09-09,18
1452,2022-09-09,17
1453,2022-09-09,8
1454,2022-09-09,14
1455,2022-09-09,12
1456,2022-09-09,6
1457,2022-09-09,19
1458,2022-09-09,3
1459,2022-09-09,9
1460,2022-09-09,17
1461,2022-09-09,2
1462,2022-09-09,17
1463,2022-09-09,18
1464,2022-09-09,12
1465,2022-09-09,17
1466,2022-09-09,9
1467,2022-09-09,8
1468,2022-09-09,11
1469,2022-09-09,3
1470,2022-09-09,14
1471,2022-09-09,9
1472,2022-09-09,17
1473,2022-09-09,10
1474,2022-09-09,15
1475,2022-09-09,14
1476,2022-09-09,2
1477,2022-09-09,13
1478,2022-09-09,3
1479,2022-09-09,4
1480,2022-09-09,5
1481,2022-09-09,11
1482,2022-09-09,16
1483,2022-09-09,12
1484,2022-09-09,17
1485,2022-09-09,0
1486,2022-09-09,2
1487,2022-09-09,13
1488,2022-09-09,7
1489,2022-09-09,17
1490,2022-09-09,9
1491,2022-09-09,4
1492,2022-09-09,11
1493,2022-09-09,13
1494,2022-09-09,7
1495,2022-09-09,13
1496,2022-09-09,3
1497,2022-09-09,17
1498,2022-09-09,1
1499,2022-09-09,18
1500,2022-09-09,2
1501,2022-09-09,8
1502,2022-09-09,5
1503,2022-09-09,10
1504,2022-09-09,11
1505,2022-09-09,1
1506,2022-09-09,4
1507,2022-09-09,9
1508,2022-09-09,4
1509,2022-09-09,13
1510,2022-09-09,16
1511,2022-09-09,14
1512,2022-09-09,4
1513,2022-09-09,12
1514,2022-09-09,15
1515,2022-09-09,4
1516,2022-09-09,14
1517,2022-09-09,9
1518,2022-09-09,10
1519,2022-09-09,3
1520,2022-09-09,13
1521,2022-09-09,3
1522,2022-09-09,11
1523,2022-09-09,0
1524,2022-09-09,7
1525,2022-09-09,10
1526,2022-09-09,2
1527,2022-09-09,13
1528,2022-09-09,9
1529,2022-09-09,8
1530,2022-09-09,11
1531,2022-09-09,15
1532,2022-09-09,19
1533,2022-09-09,16
1534,2022-09-09,7
1535,2022-09-09,8
1536,2022-09-09,11
1537,2022-09-09,20
1538,2022-09-09,11
1539,2022-09-09,19
1540,2022-09-09,3
1541,2022-09-09,16
1542,2022-09-09,16
1543,2022-09-09,13
1544,2022-09-09,7
1545,2022-09-09,16
1546,2022-09-09,12
1547,2022-09-09,3
1548,2022-09-09,2
1549,2022-09-09,18
1550,2022-09-09,8
1551,2022-09-09,6
1552,2022-09-09,15
1553,2022-09-09,20
1554,2022-09-09,17
1555,2022-09-09,5
1556,2022-09-09,13
1557,2022-09-09,17
1558,2022-09-09,20
1559,2022-09-09,12
1560,2022-09-09,12
1561,2022-09-09,17
1562,2022-09-09,7
1563,2022-09-09,20
1564,2022-09-09,5
1565,2022-09-09,2
1566,2022-09-09,5
1567,2022-09-09,4
1568,2022-09-09,3
1569,2022-09-09,19
1570,2022-09-09,20
1571,2022-09-09,3
1572,2022-09-09,1
1573,2022-09-09,10
1574,2022-09-09,17
1575,2022-09-09,4
1576,2022-09-09,5
1577,2022-09-09,20
1578,2022-09-09,18
1579,2022-09-09,19
1580,2022-09-09,2
1581,2022-09-09,13
1582,2022-09-09,15
1583,2022-09-09,15
1584,2022-09-09,13
1585,2022-09-09,1
1586,2022-09-09,6
1587,2022-09-09,20
1588,2022-09-09,11
1589,2022-09-09,19
1590,2022-09-09,1
1591,2022-09-09,4
1592,2022-09-09,18
1593,2022-09-09,19
1594,2022-09-09,12
1595,2022-09-09,17
1596,2022-09-09,8
1597,2022-09-09,13
1598,2022-09-09,12
1599,2022-09-09,0
1600,2022-09-09,17
1601,2022-09-09,0
1602,2022-09-09,19
1603,2022-09-09,20
1604,2022-09-09,10
1605,2022-09-09,5
1606,2022-09-09,12
1607,2022-09-09,14
1608,2022-09-09,16
1609,2022-09-09,19
1610,2022-09-09,8
1611,2022-09-09,0
1612,2022-09-09,15
1613,2022-09-09,14
1614,2022-09-09,12
1615,2022-09-09,13
1616,2022-09-09,8
1617,2022-09-09,4
1618,2022-09-09,5
1619,2022-09-09,4
1620,2022-09-09,5
1621,2022-09-09,3
1622,2022-09-09,12
1623,2022-09-09,4
1624,2022-09-09,15
1625,2022-09-09,2
1626,2022-09-09,10
1627,2022-09-09,18
1628,2022-09-09,14
1629,2022-09-09,19
1630,2022-09-09,10
1631,2022-09-09,10
1632,2022-09-09,19
1633,2022-09-09,16
1634,2022-09-09,14
1635,2022-09-09,5
1636,2022-09-09,2
1637,2022-09-09,14
1638,2022-09-09,18
1639,2022-09-09,15
1640,2022-09-09,3
1641,2022-09-09,9
1642,2022-09-09,5
1643,2022-09-09,11
1644,2022-09-09,17
1645,2022-09-09,3
1646,2022-09-09,10
1647,2022-09-09,15
1648,2022-09-09,20
1649,2022-09-09,12
1650,2022-09-09,7
1651,2022-09-09,8
1652,2022-09-09,16
1653,2022-09-09,15
1654,2022-09-09,10
1655,2022-09-09,0
1656,2022-09-09,17
1657,2022-09-09,14
1658,2022-09-09,19
1659,2022-09-09,7
1660,2022-09-09,13
1661,2022-09-09,12
1662,2022-09-09,15
1663,2022-09-09,14
1664,2022-09-09,4
1665,2022-09-09,12
1666,2022-09-09,14
1667,2022-09-09,7
1668,2022-09-09,16
1669,2022-09-09,16
1670,2022-09-09,12
1671,2022-09-09,6
1672,2022-09-09,19
1673,2022-09-09,8
1674,2022-09-09,15
1675,2022-09-09,1
1676,2022-09-09,4
1677,2022-09-09,14
1678,2022-09-09,0
1679,2022-09-09,12
1680,2022-09-09,20
1681,2022-09-09,14
1682,2022-09-09,3
1683,2022-09-09,2
1684,2022-09-09,0
1685,2022-09-09,15
1686,2022-09-09,0
1687,2022-09-09,4
1688,2022-09-09,14
1689,2022-09-09,3
1690,2022-09-09,2
1691,2022-09-09,9
1692,2022-09-09,11
1693,2022-09-09,0
1694,2022-09-09,17
1695,2022-09-09,5
1696,2022-09-09,1
1697,2022-09-09,12
1698,2022-09-09,6
1699,2022-09-09,20
1700,2022-09-09,17
1701,2022-09-09,5
1702,2022-09-09,5
1703,2022-09-09,3
1704,2022-09-09,3
1705,2022-09-09,0
1706,2022-09-09,17
1707,2022-09-09,19
1708,2022-09-09,6
1709,2022-09-09,6
1710,2022-09-09,0
1711,2022-09-09,0
1712,2022-09-09,15
1713,2022-09-09,4
1714,2022-09-09,19
1715,2022-09-09,5
1716,2022-09-09,0
1717,2022-09-09,15
1718,2022-09-09,20
1719,2022-09-09,17
1720,2022-09-09,14
1721,2022-09-09,3
1722,2022-09-09,3
1723,2022-09-09,10
1724,2022-09-09,2
1725,2022-09-09,1
1726,2022-09-09,7
1727,2022-09-09,6
1728,2022-09-09,7
1729,2022-09-09,16
1730,2022-09-09,20
1731,2022-09-09,3
1732,2022-09-09,3
1733,2022-09-09,1
1734,2022-09-09,12
1735,2022-09-09,7
1736,2022-09-09,8
1737,2022-09-09,5
1738,2022-09-09,9
1739,2022-09-09,13
1740,2022-09-09,1
1741,2022-09-09,8
1742,2022-09-09,0
1743,2022-09-09,3
1744,2022-09-09,14
1745,2022-09-09,20
1746,2022-09-09,7
1747,2022-09-09,15
1748,2022-09-09,17
1749,2022-09-09,17
1750,2022-09-09,14
1751,2022-09-09,8
1752,2022-09-09,18
1753,2022-09-09,15
1754,2022-09-09,16
1755,2022-09-09,2
1756,2022-09-09,1
1757,2022-09-09,13
1758,2022-09-09,13
1759,2022-09-09,2
1760,2022-09-09,18
1761,2022-09-09,6
1762,2022-09-09,5
1763,2022-09-09,20
1764,2022-09-09,1
1765,2022-09-09,2
1766,2022-09-09,12
1767,2022-09-09,3
1768,2022-09-09,7
1769,2022-09-09,8
1770,2022-09-09,17
1771,2022-09-09,5
1772,2022-09-09,0
1773,2022-09-09,15
1774,2022-09-09,9
1775,2022-09-09,5
1776,2022-09-09,17
1777,2022-09-09,2
1778,2022-09-09,13
1779,2022-09-09,6
1780,2022-09-09,1
1781,2022-09-09,17
1782,2022-09-09,16
1783,2022-09-09,7
1784,2022-09-09,11
1785,2022-09-09,9
1786,2022-09-09,19
1787,2022-09-09,19
1788,2022-09-09,10
1789,2022-09-09,8
1790,2022-09-09,16
1791,2022-09-09,19
1792,2022-09-09,5
1793,2022-09-09,18
1794,2022-09-09,14
1795,2022-09-09,19
1796,2022-09-09,7
1797,2022-09-09,9
1798,2022-09-09,14
1799,2022-09-09,5
1800,2022-09-09,14
1801,2022-09-09,11
1802,2022-09-09,15
1803,2022-09-09,15
1804,2022-09-09,18
1805,2022-09-09,9
1806,2022-09-09,14
1807,2022-09-09,7
1808,2022-09-09,2
1809,2022-09-09,16
1810,2022-09-09,18
1811,2022-09-09,4
1812,2022-09-09,3
1813,2022-09-09,2
1814,2022-09-09,15
1815,2022-09-09,17
1816,2022-09-09,4
1817,2022-09-09,11
1818,2022-09-09,5
1819,2022-09-09,4
1820,2022-09-09,11
1821,2022-09-09,18
1822,2022-09-09,20
1823,2022-09-09,1
1824,2022-09-09,16
1825,2022-09-09,15
1826,2022-09-09,1
1827,2022-09-09,16
1828,2022-09-09,15
1829,2022-09-09,18
1830,2022-09-09,4
1831,2022-09-09,7
1832,2022-09-09,8
1833,2022-09-09,5
1834,2022-09-09,20
1835,2022-09-09,7
1836,2022-09-09,14
1837,2022-09-09,13
1838,2022-09-09,14
1839,2022-09-09,7
1840,2022-09-09,4
1841,2022-09-09,0
1842,2022-09-09,14
1843,2022-09-09,0
1844,2022-09-09,19
1845,2022-09-09,14
1846,2022-09-09,2
1847,2022-09-09,17
1848,2022-09-09,20
1849,2022-09-09,11
1850,2022-09-09,10
1851,2022-09-09,18
1852,2022-09-09,11
1853,2022-09-09,5
1854,2022-09-09,0
1855,2022-09-09,0
1856,2022-09-09,9
1857,2022-09-09,17
1858,2022-09-09,2
1859,2022-09-09,11
1860,2022-09-09,10
1861,2022-09-09,10
1862,2022-09-09,1
1863,2022-09-09,0
1864,2022-09-09,1
1865,2022-09-09,12
1866,2022-09-09,11
1867,2022-09-09,16
1868,2022-09-09,16
1869,2022-09-09,15
1870,2022-09-09,9
1871,2022-09-09,19
1872,2022-09-09,16
1873,2022-09-09,7
1874,2022-09-09,7
1875,2022-09-09,12
1876,2022-09-09,20
1877,2022-09-09,17
1878,2022-09-09,12
1879,2022-09-09,6
1880,2022-09-09,0
1881,2022-09-09,20
1882,2022-09-09,18
1883,2022-09-09,8
1884,2022-09-09,13
1885,2022-09-09,8
1886,2022-09-09,6
1887,2022-09-09,0
1888,2022-09-09,4
1889,2022-09-09,2
1890,2022-09-09,18
1891,2022-09-09,0
1892,2022-09-09,17
1893,2022-09-09,5
1894,2022-09-09,0
1895,2022-09-09,18
1896,2022-09-09,14
1897,2022-09-09,20
1898,2022-09-09,15
1899,2022-09-09,14
1900,2022-09-09,14
1901,2022-09-09,12
1902,2022-09-09,16
1903,2022-09-09,10
1904,2022-09-09,1
1905,2022-09-09,6
1906,2022-09-09,1
1907,2022-09-09,14
1908,2022-09-09,1
1909,2022-09-09,5
1910,2022-09-09,11
1911,2022-09-09,14
1912,2022-09-09,16
1913,2022-09-09,15
1914,2022-09-09,3
1915,2022-09-09,5
1916,2022-09-09,15
1917,2022-09-09,12
1918,2022-09-09,20
1919,2022-09-09,14
1920,2022-09-09,0
1921,2022-09-09,13
1922,2022-09-09,15
1923,2022-09-09,6
1924,2022-09-09,17
1925,2022-09-09,12
1926,2022-09-09,14
1927,2022-09-09,10
1928,2022-09-09,7
1929,2022-09-09,10
1930,2022-09-09,9
1931,2022-09-09,0
1932,2022-09-09,6
1933,2022-09-09,7
1934,2022-09-09,8
1935,2022-09-09,20
1936,2022-09-09,14
1937,2022-09-09,15
1938,2022-09-09,5
1939,2022-09-09,20
1940,2022-09-09,13
1941,2022-09-09,0
1942,2022-09-09,4
1943,2022-09-09,9
1944,2022-09-09,14
1945,2022-09-09,4
1946,2022-09-09,17
1947,2022-09-09,16
1948,2022-09-09,2
1949,2022-09-09,14
1950,2022-09-09,1
1951,2022-09-09,8
1952,2022-09-09,12
1953,2022-09-09,1
1954,2022-09-09,9
1955,2022-09-09,4
1956,2022-09-09,10
1957,2022-09-09,9
1958,2022-09-09,19
1959,2022-09-09,8
1960,2022-09-09,12
1961,2022-09-09,13
1962,2022-09-09,7
1963,2022-09-09,20
1964,2022-09-09,4
1965,2022-09-09,12
1966,2022-09-09,19
1967,2022-09-09,17
1968,2022-09-09,9
1969,2022-09-09,8
1970,2022-09-09,9
1971,2022-09-09,20
1972,2022-09-09,9
1973,2022-09-09,12
1974,2022-09-09,17
1975,2022-09-09,3
1976,2022-09-09,20
1977,2022-09-09,4
1978,2022-09-09,20
1979,2022-09-09,14
1980,2022-09-09,3
1981,2022-09-09,7
1982,2022-09-09,2
1983,2022-09-09,1
1984,2022-09-09,7
1985,2022-09-09,7
1986,2022-09-09,13
1987,2022-09-09,1
1988,2022-09-09,0
1989,2022-09-09,14
1990,2022-09-09,0
1991,2022-09-09,20
1992,2022-09-09,14
1993,2022-09-09,3
1994,2022-09-09,15
1995,2022-09-09,20
1996,2022-09-09,14
1997,2022-09-09,20
1998,2022-09-09,16
1999,2022-09-09,1
2000,2022-09-09,9
2001,2022-09-09,7
2002,2022-09-09,4
2003,2022-09-09,6
2004,2022-09-09,2
2005,2022-09-09,18
2006,2022-09-09,9
2007,2022-09-09,20
2008,2022-09-09,5
2009,2022-09-09,1
2010,2022-09-09,19
2011,2022-09-09,4
2012,2022-09-09,12
2013,2022-09-09,3
2014,2022-09-09,20
2015,2022-09-09,19
2016,2022-09-09,19
2017,2022-09-09,6
2018,2022-09-09,17
2019,2022-09-09,7
2020,2022-09-09,2
2021,2022-09-09,11
2022,2022-09-09,6
2023,2022-09-09,1
2024,2022-09-09,4
2025,2022-09-09,6
2026,2022-09-09,20
2027,2022-09-09,10
2028,2022-09-09,9
2029,2022-09-09,10
2030,2022-09-09,18
2031,2022-09-09,17
2032,2022-09-09,12
2033,2022-09-09,1
2034,2022-09-09,5
2035,2022-09-09,14
2036,2022-09-09,2
2037,2022-09-09,3
2038,2022-09-09,7
2039,2022-09-09,13
2040,2022-09-09,18
2041,2022-09-09,13
2042,2022-09-09,6
2043,2022-09-09,0
2044,2022-09-09,16
2045,2022-09-09,7
2046,2022-09-09,18
2047,2022-09-09,9
2048,2022-09-09,11
2049,2022-09-09,9
2050,2022-09-09,17
2051,2022-09-09,14
2052,2022-09-09,9
2053,2022-09-09,6
2054,2022-09-09,0
2055,2022-09-09,12
2056,2022-09-09,19
2057,2022-09-09,14
2058,2022-09-09,20
2059,2022-09-09,9
2060,2022-09-09,17
2061,2022-09-09,1
2062,2022-09-09,0
2063,2022-09-09,16
2064,2022-09-09,14
2065,2022-09-09,13
2066,2022-09-09,11
2067,2022-09-09,18
2068,2022-09-09,6
2069,2022-09-09,1
2070,2022-09-09,7
2071,2022-09-09,5
2072,2022-09-09,17
2073,2022-09-09,15
2074,2022-09-09,12
2075,2022-09-09,14
2076,2022-09-09,3
2077,2022-09-09,0
2078,2022-09-09,12
2079,2022-09-09,8
2080,2022-09-09,2
2081,2022-09-09,11
2082,2022-09-09,2
2083,2022-09-09,4
2084,2022-09-09,19
2085,2022-09-09,19
2086,2022-09-09,16
2087,2022-09-09,1
2088,2022-09-09,4
2089,2022-09-09,10
2090,2022-09-09,13
2091,2022-09-09,3
2092,2022-09-09,18
2093,2022-09-09,10
2094,2022-09-09,8
2095,2022-09-09,12
2096,2022-09-09,4
2097,2022-09-09,13
2098,2022-09-09,12
2099,2022-09-09,0
2100,2022-09-09,19
2101,2022-09-09,1
2102,2022-09-09,10
2103,2022-09-09,5
2104,2022-09-09,13
2105,2022-09-09,9
2106,2022-09-09,19
2107,2022-09-09,1
2108,2022-09-09,7
2109,2022-09-09,19
2110,2022-09-09,2
2111,2022-09-09,20
2112,2022-09-09,6
2113,2022-09-09,1
2114,2022-09-09,6
2115,2022-09-09,0
2116,2022-09-09,15
2117,2022-09-09,16
2118,2022-09-09,1
2119,2022-09-09,15
2120,2022-09-09,18
2121,2022-09-09,12
2122,2022-09-09,17
2123,2022-09-09,3
2124,2022-09-09,13
2125,2022-09-09,7
2126,2022-09-09,1
2127,2022-09-09,7
2128,2022-09-09,8
2129,2022-09-09,17
2130,2022-09-09,12
2131,2022-09-09,6
2132,2022-09-09,1
2133,2022-09-09,6
2134,2022-09-09,17
2135,2022-09-09,13
2136,2022-09-09,16
2137,2022-09-09,3
2138,2022-09-09,0
2139,2022-09-09,7
2140,2022-09-09,17
2141,2022-09-09,0
2142,2022-09-09,0
2143,2022-09-09,10
2144,2022-09-09,17
2145,2022-09-09,4
2146,2022-09-09,15
2147,2022-09-09,9
2148,2022-09-09,6
2149,2022-09-09,7
2150,2022-09-09,20
2151,2022-09-09,19
2152,2022-09-09,19
2153,2022-09-09,5
2154,2022-09-09,6
2155,2022-09-09,4
2156,2022-09-09,2
2157,2022-09-09,20
2158,2022-09-09,13
2159,2022-09-09,1
2160,2022-09-09,1
2161,2022-09-09,10
2162,2022-09-09,3
2163,2022-09-09,20
2164,2022-09-09,0
2165,2022-09-09,16
2166,2022-09-09,18
2167,2022-09-09,18
2168,2022-09-09,1
2169,2022-09-09,8
2170,2022-09-09,1
2171,2022-09-09,20
2172,2022-09-09,0
2173,2022-09-09,14
2174,2022-09-09,12
2175,2022-09-09,8
2176,2022-09-09,4
2177,2022-09-09,6
2178,2022-09-09,20
2179,2022-09-09,3
2180,2022-09-09,1
2181,2022-09-09,7
2182,2022-09-09,17
2183,2022-09-09,16
2184,2022-09-09,18
2185,2022-09-09,0
2186,2022-09-09,0
2187,2022-09-09,6
2188,2022-09-09,1
2189,2022-09-09,1
2190,2022-09-09,14
2191,2022-09-09,10
2192,2022-09-09,20
2193,2022-09-09,16
2194,2022-09-09,9
2195,2022-09-09,5
2196,2022-09-09,14
2197,2022-09-09,5
2198,2022-09-09,12
2199,2022-09-09,9
2200,2022-09-09,3
2201,2022-09-09,8
2202,2022-09-09,6
2203,2022-09-09,2
2204,2022-09-09,4
2205,2022-09-09,18
2206,2022-09-09,12
2207,2022-09-09,9
2208,2022-09-09,16
2209,2022-09-09,2
2210,2022-09-09,2
2211,2022-09-09,19
2212,2022-09-09,13
2213,2022-09-09,2
2214,2022-09-09,15
2215,2022-09-09,3
2216,2022-09-09,19
2217,2022-09-09,11
2218,2022-09-09,9
2219,2022-09-09,13
2220,2022-09-09,1
2221,2022-09-09,10
2222,2022-09-09,18
2223,2022-09-09,12
2224,2022-09-09,3
2225,2022-09-09,6
2226,2022-09-09,8
2227,2022-09-09,19
2228,2022-09-09,10
2229,2022-09-09,1
2230,2022-09-09,8
2231,2022-09-09,9
2232,2022-09-09,11
2233,2022-09-09,13
2234,2022-09-09,7
2235,2022-09-09,6
2236,2022-09-09,17
2237,2022-09-09,9
2238,2022-09-09,10
2239,2022-09-09,10
2240,2022-09-09,16
2241,2022-09-09,5
2242,2022-09-09,10
2243,2022-09-09,3
2244,2022-09-09,0
2245,2022-09-09,15
2246,2022-09-09,7
2247,2022-09-09,8
2248,2022-09-09,5
2249,2022-09-09,8
2250,2022-09-09,6
2251,2022-09-09,13
2252,2022-09-09,9
2253,2022-09-09,9
2254,2022-09-09,14
2255,2022-09-09,1
2256,2022-09-09,10
2257,2022-09-09,8
2258,2022-09-09,9
2259,2022-09-09,16
2260,2022-09-09,9
2261,2022-09-09,0
2262,2022-09-09,8
2263,2022-09-09,6
2264,2022-09-09,2
2265,2022-09-09,10
2266,2022-09-09,19
2267,2022-09-09,3
2268,2022-09-09,7
2269,2022-09-09,4
2270,2022-09-09,15
2271,2022-09-09,3
2272,2022-09-09,7
2273,2022-09-09,1
2274,2022-09-09,12
2275,2022-09-09,6
2276,2022-09-09,10
2277,2022-09-09,2
2278,2022-09-09,9
2279,2022-09-09,5
2280,2022-09-09,2
2281,2022-09-09,0
2282,2022-09-09,13
2283,2022-09-09,4
2284,2022-09-09,8
2285,2022-09-09,12
2286,2022-09-09,8
2287,2022-09-09,18
2288,2022-09-09,7
2289,2022-09-09,6
2290,2022-09-09,18
2291,2022-09-09,4
2292,2022-09-09,16
2293,2022-09-09,15
2294,2022-09-09,2
2295,2022-09-09,8
2296,2022-09-09,7
2297,2022-09-09,11
2298,2022-09-09,8
2299,2022-09-09,18
2300,2022-09-09,3
2301,2022-09-09,20
2302,2022-09-09,10
2303,2022-09-09,20
2304,2022-09-09,7
2305,2022-09-09,8
2306,2022-09-09,6
2307,2022-09-09,11
2308,2022-09-09,17
2309,2022-09-09,17
2310,2022-09-09,4
2311,2022-09-09,18
2312,2022-09-09,5
2313,2022-09-09,5
2314,2022-09-09,15
2315,2022-09-09,7
2316,2022-09-09,17
2317,2022-09-09,10
2318,2022-09-09,4
2319,2022-09-09,19
2320,2022-09-09,20
2321,2022-09-09,2
2322,2022-09-09,19
2323,2022-09-09,10
2324,2022-09-09,11
2325,2022-09-09,11
2326,2022-09-09,5
2327,2022-09-09,3
2328,2022-09-09,7
2329,2022-09-09,19
2330,2022-09-09,4
2331,2022-09-09,0
2332,2022-09-09,17
2333,2022-09-09,17
2334,2022-09-09,14
2335,2022-09-09,0
2336,2022-09-09,0
2337,2022-09-09,2
2338,2022-09-09,0
2339,2022-09-09,12
2340,2022-09-09,16
2341,2022-09-09,2
2342,2022-09-09,18
2343,2022-09-09,17
2344,2022-09-09,4
2345,2022-09-09,1
2346,2022-09-09,10
2347,2022-09-09,0
2348,2022-09-09,1
2349,2022-09-09,19
2350,2022-09-09,8
2351,2022-09-09,15
2352,2022-09-09,17
2353,2022-09-09,4
2354,2022-09-09,1
2355,2022-09-09,0
2356,2022-09-09,19
2357,2022-09-09,9
2358,2022-09-09,4
2359,2022-09-09,8
2360,2022-09-09,17
2361,2022-09-09,19
2362,2022-09-09,19
2363,2022-09-09,15
2364,2022-09-09,20
2365,2022-09-09,19
2366,2022-09-09,4
2367,2022-09-09,3
2368,2022-09-09,8
2369,2022-09-09,13
2370,2022-09-09,5
2371,2022-09-09,10
2372,2022-09-09,7
2373,2022-09-09,8
2374,2022-09-09,19
2375,2022-09-09,2
2376,2022-09-09,2
2377,2022-09-09,6
2378,2022-09-09,4
2379,2022-09-09,4
2380,2022-09-09,15
2381,2022-09-09,17
2382,2022-09-09,5
2383,2022-09-09,12
2384,2022-09-09,9
2385,2022-09-09,19
2386,2022-09-09,8
2387,2022-09-09,13
2388,2022-09-09,20
2389,2022-09-09,13
2390,2022-09-09,13
2391,2022-09-09,19
2392,2022-09-09,5
2393,2022-09-09,19
2394,2022-09-09,0
2395,2022-09-09,2
2396,2022-09-09,0
2397,2022-09-09,7
2398,2022-09-09,4
2399,2022-09-09,2
2400,2022-09-09,4
2401,2022-09-09,10
2402,2022-09-09,1
2403,2022-09-09,17
2404,2022-09-09,6
2405,2022-09-09,3
2406,2022-09-09,8
2407,2022-09-09,17
2408,2022-09-09,8
2409,2022-09-09,10
2410,2022-09-09,11
2411,2022-09-09,2
2412,2022-09-09,19
2413,2022-09-09,5
2414,2022-09-09,3
2415,2022-09-09,16
2416,2022-09-09,1
2417,2022-09-09,19
2418,2022-09-09,15
2419,2022-09-09,15
2420,2022-09-09,4
2421,2022-09-09,16
2422,2022-09-09,5
2423,2022-09-09,3
2424,2022-09-09,14
2425,2022-09-09,5
2426,2022-09-09,1
2427,2022-09-09,7
2428,2022-09-09,1
2429,2022-09-09,13
2430,2022-09-09,13
2431,2022-09-09,19
2432,2022-09-09,7
2433,2022-09-09,0
2434,2022-09-09,5
2435,2022-09-09,9
2436,2022-09-09,12
2437,2022-09-09,10
2438,2022-09-09,14
2439,2022-09-09,0
2440,2022-09-09,15
2441,2022-09-09,11
2442,2022-09-09,2
2443,2022-09-09,8
2444,2022-09-09,20
2445,2022-09-09,17
2446,2022-09-09,16
2447,2022-09-09,18
2448,2022-09-09,19
2449,2022-09-09,13
2450,2022-09-09,17
2451,2022-09-09,18
2452,2022-09-09,3
2453,2022-09-09,12
2454,2022-09-09,6
2455,2022-09-09,18
2456,2022-09-09,0
2457,2022-09-09,1
2458,2022-09-09,16
2459,2022-09-09,3
2460,2022-09-09,16
2461,2022-09-09,19
2462,2022-09-09,2
2463,2022-09-09,16
2464,2022-09-09,8
2465,2022-09-09,18
2466,2022-09-09,3
2467,2022-09-09,9
2468,2022-09-09,17
2469,2022-09-09,12
2470,2022-09-09,15
2471,2022-09-09,8
2472,2022-09-09,5
2473,2022-09-09,19
2474,2022-09-09,2
2475,2022-09-09,1
2476,2022-09-09,16
2477,2022-09-09,15
2478,2022-09-09,10
2479,2022-09-09,18
2480,2022-09-09,10
2481,2022-09-09,17
2482,2022-09-09,19
2483,2022-09-09,8
2484,2022-09-09,8
2485,2022-09-09,16
2486,2022-09-09,14
2487,2022-09-09,20
2488,2022-09-09,13
2489,2022-09-09,13
2490,2022-09-09,19
2491,2022-09-09,2
2492,2022-09-09,17
2493,2022-09-09,14
2494,2022-09-09,14
2495,2022-09-09,2
2496,2022-09-09,15
2497,2022-09-09,17
2498,2022-09-09,19
2499,2022-09-09,4
2500,2022-09-09,14
2501,2022-09-09,0
2502,2022-09-09,14
2503,2022-09-09,3
2504,2022-09-09,14
2505,2022-09-09,17
2506,2022-09-09,2
2507,2022-09-09,6
2508,2022-09-09,16
2509,2022-09-09,19
2510,2022-09-09,0
2511,2022-09-09,2
2512,2022-09-09,4
2513,2022-09-09,3
2514,2022-09-09,11
2515,2022-09-09,16
2516,2022-09-09,17
2517,2022-09-09,20
2518,2022-09-09,1
2519,2022-09-09,10
2520,2022-09-09,2
2521,2022-09-09,7
2522,2022-09-09,14
2523,2022-09-09,13
2524,2022-09-09,19
2525,2022-09-09,5
2526,2022-09-09,20
2527,2022-09-09,8
2528,2022-09-09,13
2529,2022-09-09,10
2530,2022-09-09,1
2531,2022-09-09,16
2532,2022-09-09,0
2533,2022-09-09,8
2534,2022-09-09,0
2535,2022-09-09,4
2536,2022-09-09,9
2537,2022-09-09,2
2538,2022-09-09,10
2539,2022-09-09,1
2540,2022-09-09,20
2541,2022-09-09,19
2542,2022-09-09,3
2543,2022-09-09,7
2544,2022-09-09,5
2545,2022-09-09,7
2546,2022-09-09,12
2547,2022-09-09,2
2548,2022-09-09,3
2549,2022-09-09,7
2550,2022-09-09,20
2551,2022-09-09,15
2552,2022-09-09,0
2553,2022-09-09,11
2554,2022-09-09,3
2555,2022-09-09,2
2556,2022-09-09,15
2557,2022-09-09,5
2558,2022-09-09,2
2559,2022-09-09,20
2560,2022-09-09,17
2561,2022-09-09,16
2562,2022-09-09,20
2563,2022-09-09,14
2564,2022-09-09,2
2565,2022-09-09,2
2566,2022-09-09,19
2567,2022-09-09,9
2568,2022-09-09,17
2569,2022-09-09,17
2570,2022-09-09,2
2571,2022-09-09,6
2572,2022-09-09,12
2573,2022-09-09,11
2574,2022-09-09,9
2575,2022-09-09,6
2576,2022-09-09,4
2577,2022-09-09,14
2578,2022-09-09,12
2579,2022-09-09,2
2580,2022-09-09,8
2581,2022-09-09,5
2582,2022-09-09,1
2583,2022-09-09,2
2584,2022-09-09,1
2585,2022-09-09,3
2586,2022-09-09,0
2587,2022-09-09,15
2588,2022-09-09,16
2589,2022-09-09,3
2590,2022-09-09,17
2591,2022-09-09,12
2592,2022-09-09,9
2593,2022-09-09,11
2594,2022-09-09,20
2595,2022-09-09,8
2596,2022-09-09,16
2597,2022-09-09,6
2598,2022-09-09,18
2599,2022-09-09,17
2600,2022-09-09,17
2601,2022-09-09,1
2602,2022-09-09,17
2603,2022-09-09,9
2604,2022-09-09,15
2605,2022-09-09,15
2606,2022-09-09,19
2607,2022-09-09,2
2608,2022-09-09,16
2609,2022-09-09,3
2610,2022-09-09,11
2611,2022-09-09,7
2612,2022-09-09,17
2613,2022-09-09,18
2614,2022-09-09,3
2615,2022-09-09,13
2616,2022-09-09,9
2617,2022-09-09,5
2618,2022-09-09,6
2619,2022-09-09,6
2620,2022-09-09,11
2621,2022-09-09,3
2622,2022-09-09,15
2623,2022-09-09,5
2624,2022-09-09,14
2625,2022-09-09,3
2626,2022-09-09,8
2627,2022-09-09,13
2628,2022-09-09,2
2629,2022-09-09,11
2630,2022-09-09,15
2631,2022-09-09,1
2632,2022-09-09,19
2633,2022-09-09,13
2634,2022-09-09,8
2635,2022-09-09,20
2636,2022-09-09,7
2637,2022-09-09,18
2638,2022-09-09,8
2639,2022-09-09,11
2640,2022-09-09,16
2641,2022-09-09,16
2642,2022-09-09,10
2643,2022-09-09,15
2644,2022-09-09,0
2645,2022-09-09,20
2646,2022-09-09,3
2647,2022-09-09,4
2648,2022-09-09,12
2649,2022-09-09,5
2650,2022-09-09,5
2651,2022-09-09,16
2652,2022-09-09,7
2653,2022-09-09,12
2654,2022-09-09,6
2655,2022-09-09,15
2656,2022-09-09,1
2657,2022-09-09,0
2658,2022-09-09,13
2659,2022-09-09,6
2660,2022-09-09,19
2661,2022-09-09,15
2662,2022-09-09,20
2663,2022-09-09,0
2664,2022-09-09,5
2665,2022-09-09,2
2666,2022-09-09,18
2667,2022-09-09,9
2668,2022-09-09,16
2669,2022-09-09,3
2670,2022-09-09,8
2671,2022-09-09,10
2672,2022-09-09,3
2673,2022-09-09,3
2674,2022-09-09,2
2675,2022-09-09,7
2676,2022-09-09,17
2677,2022-09-09,20
2678,2022-09-09,17
2679,2022-09-09,7
2680,2022-09-09,1
2681,2022-09-09,15
2682,2022-09-09,5
2683,2022-09-09,16
2684,2022-09-09,0
2685,2022-09-09,13
2686,2022-09-09,10
2687,2022-09-09,19
2688,2022-09-09,0
2689,2022-09-09,5
2690,2022-09-09,2
2691,2022-09-09,16
2692,2022-09-09,2
2693,2022-09-09,17
2694,2022-09-09,1
2695,2022-09-09,8
2696,2022-09-09,15
2697,2022-09-09,20
2698,2022-09-09,6
2699,2022-09-09,12
2700,2022-09-09,16
2701,2022-09-09,4
2702,2022-09-09,1
2703,2022-09-09,16
2704,2022-09-09,18
2705,2022-09-09,1
2706,2022-09-09,18
2707,2022-09-09,17
2708,2022-09-09,2
2709,2022-09-09,13
2710,2022-09-09,12
2711,2022-09-09,2
2712,2022-09-09,20
2713,2022-09-09,3
2714,2022-09-09,1
2715,2022-09-09,7
2716,2022-09-09,5
2717,2022-09-09,3
2718,2022-09-09,0
2719,2022-09-09,18
2720,2022-09-09,3
2721,2022-09-09,6
2722,2022-09-09,0
2723,2022-09-09,4
2724,2022-09-09,11
2725,2022-09-09,14
2726,2022-09-09,1
2727,2022-09-09,9
2728,2022-09-09,18
2729,2022-09-09,17
2730,2022-09-09,11
2731,2022-09-09,6
2732,2022-09-09,13
2733,2022-09-09,9
2734,2022-09-09,9
2735,2022-09-09,7
2736,2022-09-09,4
2737,2022-09-09,12
2738,2022-09-09,18
2739,2022-09-09,10
2740,2022-09-09,19
2741,2022-09-09,0
2742,2022-09-09,19
2743,2022-09-09,6
2744,2022-09-09,2
2745,2022-09-09,4
2746,2022-09-09,18
2747,2022-09-09,3
2748,2022-09-09,3
2749,2022-09-09,4
2750,2022-09-09,11
2751,2022-09-09,12
2752,2022-09-09,10
2753,2022-09-09,3
2754,2022-09-09,1
2755,2022-09-09,5
2756,2022-09-09,16
2757,2022-09-09,4
2758,2022-09-09,8
2759,2022-09-09,4
2760,2022-09-09,13
2761,2022-09-09,3
2762,2022-09-09,4
2763,2022-09-09,2
2764,2022-09-09,0
2765,2022-09-09,12
2766,2022-09-09,12
2767,2022-09-09,0
2768,2022-09-09,11
2769,2022-09-09,5
2770,2022-09-09,2
2771,2022-09-09,12
2772,2022-09-09,17
2773,2022-09-09,3
2774,2022-09-09,11
2775,2022-09-09,11
2776,2022-09-09,17
2777,2022-09-09,10
2778,2022-09-09,17
2779,2022-09-09,20
2780,2022-09-09,14
2781,2022-09-09,10
2782,2022-09-09,4
2783,2022-09-09,0
2784,2022-09-09,11
2785,2022-09-09,19
2786,2022-09-09,10
2787,2022-09-09,12
2788,2022-09-09,17
2789,2022-09-09,17
2790,2022-09-09,17
2791,2022-09-09,5
2792,2022-09-09,8
2793,2022-09-09,4
2794,2022-09-09,7
2795,2022-09-09,6
2796,2022-09-09,9
2797,2022-09-09,1
2798,2022-09-09,6
2799,2022-09-09,5
2800,2022-09-09,19
2801,2022-09-09,11
2802,2022-09-09,13
2803,2022-09-09,15
2804,2022-09-09,3
2805,2022-09-09,20
2806,2022-09-09,4
2807,2022-09-09,5
2808,2022-09-09,7
2809,2022-09-09,15
2810,2022-09-09,2
2811,2022-09-09,14
2812,2022-09-09,2
2813,2022-09-09,1
2814,2022-09-09,12
2815,2022-09-09,7
2816,2022-09-09,1
2817,2022-09-09,15
2818,2022-09-09,1
2819,2022-09-09,9
2820,2022-09-09,19
2821,2022-09-09,14
2822,2022-09-09,5
2823,2022-09-09,13
2824,2022-09-09,14
2825,2022-09-09,13
2826,2022-09-09,5
2827,2022-09-09,5
2828,2022-09-09,10
2829,2022-09-09,10
2830,2022-09-09,4
2831,2022-09-09,3
2832,2022-09-09,7
2833,2022-09-09,4
2834,2022-09-09,1
2835,2022-09-09,3
2836,2022-09-09,0
2837,2022-09-09,17
2838,2022-09-09,19
2839,2022-09-09,11
2840,2022-09-09,7
2841,2022-09-09,9
2842,2022-09-09,3
2843,2022-09-09,15
2844,2022-09-09,13
2845,2022-09-09,4
2846,2022-09-09,15
2847,2022-09-09,19
2848,2022-09-09,18
2849,2022-09-09,14
2850,2022-09-09,14
2851,2022-09-09,1
2852,2022-09-09,3
2853,2022-09-09,11
2854,2022-09-09,15
2855,2022-09-09,5
2856,2022-09-09,6
2857,2022-09-09,2
2858,2022-09-09,6
2859,2022-09-09,2
2860,2022-09-09,3
2861,2022-09-09,5
2862,2022-09-09,14
2863,2022-09-09,18
2864,2022-09-09,13
2865,2022-09-09,0
2866,2022-09-09,16
2867,2022-09-09,8
2868,2022-09-09,4
2869,2022-09-09,3
2870,2022-09-09,2
2871,2022-09-09,5
2872,2022-09-09,6
2873,2022-09-09,13
2874,2022-09-09,6
2875,2022-09-09,5
2876,2022-09-09,13
2877,2022-09-09,6
2878,2022-09-09,1
2879,2022-09-09,20
2880,2022-09-09,7
2881,2022-09-09,2
2882,2022-09-09,5
2883,2022-09-09,14
2884,2022-09-09,19
2885,2022-09-09,9
2886,2022-09-09,7
2887,2022-09-09,20
2888,2022-09-09,0
2889,2022-09-09,3
2890,2022-09-09,16
2891,2022-09-09,9
2892,2022-09-09,19
2893,2022-09-09,1
2894,2022-09-09,13
2895,2022-09-09,4
2896,2022-09-09,3
2897,2022-09-09,10
2898,2022-09-09,17
2899,2022-09-09,10
2900,2022-09-09,0
2901,2022-09-09,7
2902,2022-09-09,15
2903,2022-09-09,11
2904,2022-09-09,0
2905,2022-09-09,4
2906,2022-09-09,19
2907,2022-09-09,18
2908,2022-09-09,0
2909,2022-09-09,11
2910,2022-09-09,6
2911,2022-09-09,20
2912,2022-09-09,11
2913,2022-09-09,17
2914,2022-09-09,10
2915,2022-09-09,17
2916,2022-09-09,16
2917,2022-09-09,14
2918,2022-09-09,3
2919,2022-09-09,17
2920,2022-09-09,17
2921,2022-09-09,9
2922,2022-09-09,3
2923,2022-09-09,7
2924,2022-09-09,17
2925,2022-09-09,1
2926,2022-09-09,13
2927,2022-09-09,6
2928,2022-09-09,11
2929,2022-09-09,18
2930,2022-09-09,17
2931,2022-09-09,11
2932,2022-09-09,6
2933,2022-09-09,11
2934,2022-09-09,1
2935,2022-09-09,8
2936,2022-09-09,16
2937,2022-09-09,2
2938,2022-09-09,19
2939,2022-09-09,10
2940,2022-09-09,7
2941,2022-09-09,12
2942,2022-09-09,14
2943,2022-09-09,3
2944,2022-09-09,18
2945,2022-09-09,10
2946,2022-09-09,10
2947,2022-09-09,15
2948,2022-09-09,2
2949,2022-09-09,1
2950,2022-09-09,15
2951,2022-09-09,1
2952,2022-09-09,14
2953,2022-09-09,5
2954,2022-09-09,11
2955,2022-09-09,14
2956,2022-09-09,10
2957,2022-09-09,19
2958,2022-09-09,11
2959,2022-09-09,8
2960,2022-09-09,19
2961,2022-09-09,8
2962,2022-09-09,18
2963,2022-09-09,12
2964,2022-09-09,16
2965,2022-09-09,6
2966,2022-09-09,5
2967,2022-09-09,20
2968,2022-09-09,3
2969,2022-09-09,12
2970,2022-09-09,6
2971,2022-09-09,7
2972,2022-09-09,6
2973,2022-09-09,15
2974,2022-09-09,11
2975,2022-09-09,3
2976,2022-09-09,6
2977,2022-09-09,20
2978,2022-09-09,19
2979,2022-09-09,16
2980,2022-09-09,4
2981,2022-09-09,15
2982,2022-09-09,17
2983,2022-09-09,2
2984,2022-09-09,7
2985,2022-09-09,13
2986,2022-09-09,16
2987,2022-09-09,10
2988,2022-09-09,9
2989,2022-09-09,8
2990,2022-09-09,16
2991,2022-09-09,3
2992,2022-09-09,7
2993,2022-09-09,2
2994,2022-09-09,0
2995,2022-09-09,10
2996,2022-09-09,19
2997,2022-09-09,3
2998,2022-09-09,8
2999,2022-09-09,19
3000,2022-09-09,11
3001,2022-09-09,11
3002,2022-09-09,5
3003,2022-09-09,13
3004,2022-09-09,12
3005,2022-09-09,2
3006,2022-09-09,20
3007,2022-09-09,4
3008,2022-09-09,10
3009,2022-09-09,20
3010,2022-09-09,4
3011,2022-09-09,10
3012,2022-09-09,12
3013,2022-09-09,17
3014,2022-09-09,3
3015,2022-09-09,13
3016,2022-09-09,13
3017,2022-09-09,1
3018,2022-09-09,12
3019,2022-09-09,5
3020,2022-09-09,19
3021,2022-09-09,0
3022,2022-09-09,0
3023,2022-09-09,15
3024,2022-09-09,5
3025,2022-09-09,1
3026,2022-09-09,20
3027,2022-09-09,20
3028,2022-09-09,20
3029,2022-09-09,19
3030,2022-09-09,4
3031,2022-09-09,9
3032,2022-09-09,19
3033,2022-09-09,3
3034,2022-09-09,11
3035,2022-09-09,12
3036,2022-09-09,19
3037,2022-09-09,18
3038,2022-09-09,10
3039,2022-09-09,20
3040,2022-09-09,2
3041,2022-09-09,20
3042,2022-09-09,19
3043,2022-09-09,16
3044,2022-09-09,20
3045,2022-09-09,6
3046,2022-09-09,15
3047,2022-09-09,0
3048,2022-09-09,1
3049,2022-09-09,17
3050,2022-09-09,12
3051,2022-09-09,16
3052,2022-09-09,10
3053,2022-09-09,15
3054,2022-09-09,2
3055,2022-09-09,18
3056,2022-09-09,15
3057,2022-09-09,3
3058,2022-09-09,18
3059,2022-09-09,20
3060,2022-09-09,16
3061,2022-09-09,19
3062,2022-09-09,17
3063,2022-09-09,9
3064,2022-09-09,12
3065,2022-09-09,3
3066,2022-09-09,10
3067,2022-09-09,0
3068,2022-09-09,13
3069,2022-09-09,18
3070,2022-09-09,5
3071,2022-09-09,9
3072,2022-09-09,1
3073,2022-09-09,10
3074,2022-09-09,16
3075,2022-09-09,17
3076,2022-09-09,2
3077,2022-09-09,9
3078,2022-09-09,17
3079,2022-09-09,3
3080,2022-09-09,7
3081,2022-09-09,16
3082,2022-09-09,20
3083,2022-09-09,5
3084,2022-09-09,14
3085,2022-09-09,7
3086,2022-09-09,1
3087,2022-09-09,17
3088,2022-09-09,4
3089,2022-09-09,20
3090,2022-09-09,3
3091,2022-09-09,11
3092,2022-09-09,16
3093,2022-09-09,14
3094,2022-09-09,10
3095,2022-09-09,5
3096,2022-09-09,3
3097,2022-09-09,14
3098,2022-09-09,9
3099,2022-09-09,6
3100,2022-09-09,17
3101,2022-09-09,0
3102,2022-09-09,18
3103,2022-09-09,9
3104,2022-09-09,15
3105,2022-09-09,13
3106,2022-09-09,0
3107,2022-09-09,2
3108,2022-09-09,20
3109,2022-09-09,3
3110,2022-09-09,12
3111,2022-09-09,0
3112,2022-09-09,18
3113,2022-09-09,9
3114,2022-09-09,15
3115,2022-09-09,15
3116,2022-09-09,9
3117,2022-09-09,3
3118,2022-09-09,1
3119,2022-09-09,20
3120,2022-09-09,5
3121,2022-09-09,14
3122,2022-09-09,2
3123,2022-09-09,0
3124,2022-09-09,0
3125,2022-09-09,9
3126,2022-09-09,2
3127,2022-09-09,3
3128,2022-09-09,20
3129,2022-09-09,7
3130,2022-09-09,17
3131,2022-09-09,20
3132,2022-09-09,15
3133,2022-09-09,18
3134,2022-09-09,16
3135,2022-09-09,1
3136,2022-09-09,1
3137,2022-09-09,4
3138,2022-09-09,15
3139,2022-09-09,16
3140,2022-09-09,1
3141,2022-09-09,0
3142,2022-09-09,3
3143,2022-09-09,3
3144,2022-09-09,0
3145,2022-09-09,2
3146,2022-09-09,18
3147,2022-09-09,18
3148,2022-09-09,9
3149,2022-09-09,16
3150,2022-09-09,13
3151,2022-09-09,18
3152,2022-09-09,19
3153,2022-09-09,1
3154,2022-09-09,3
3155,2022-09-09,8
3156,2022-09-09,2
3157,2022-09-09,20
3158,2022-09-09,1
3159,2022-09-09,20
3160,2022-09-09,10
3161,2022-09-09,8
3162,2022-09-09,8
3163,2022-09-09,20
3164,2022-09-09,19
3165,2022-09-09,13
3166,2022-09-09,11
3167,2022-09-09,7
3168,2022-09-09,0
3169,2022-09-09,5
3170,2022-09-09,18
3171,2022-09-09,11
3172,2022-09-09,20
3173,2022-09-09,6
3174,2022-09-09,18
3175,2022-09-09,6
3176,2022-09-09,3
3177,2022-09-09,20
3178,2022-09-09,1
3179,2022-09-09,4
3180,2022-09-09,19
3181,2022-09-09,0
3182,2022-09-09,16
3183,2022-09-09,15
3184,2022-09-09,9
3185,2022-09-09,0
3186,2022-09-09,15
3187,2022-09-09,10
3188,2022-09-09,17
3189,2022-09-09,20
3190,2022-09-09,7
3191,2022-09-09,7
3192,2022-09-09,2
3193,2022-09-09,16
3194,2022-09-09,11
3195,2022-09-09,10
3196,2022-09-09,20
3197,2022-09-09,1
3198,2022-09-09,20
3199,2022-09-09,10
3200,2022-09-09,3
3201,2022-09-09,0
3202,2022-09-09,18
3203,2022-09-09,17
3204,2022-09-09,1
3205,2022-09-09,8
3206,2022-09-09,3
3207,2022-09-09,11
3208,2022-09-09,3
3209,2022-09-09,20
3210,2022-09-09,12
3211,2022-09-09,12
3212,2022-09-09,8
3213,2022-09-09,10
3214,2022-09-09,6
3215,2022-09-09,6
3216,2022-09-09,2
3217,2022-09-09,14
3218,2022-09-09,11
3219,2022-09-09,11
3220,2022-09-09,7
3221,2022-09-09,6
3222,2022-09-09,6
3223,2022-09-09,9
3224,2022-09-09,11
3225,2022-09-09,0
3226,2022-09-09,8
3227,2022-09-09,8
3228,2022-09-09,17
3229,2022-09-09,16
3230,2022-09-09,19
3231,2022-09-09,18
3232,2022-09-09,13
3233,2022-09-09,1
3234,2022-09-09,11
3235,2022-09-09,18
3236,2022-09-09,1
3237,2022-09-09,11
3238,2022-09-09,14
3239,2022-09-09,19
3240,2022-09-09,0
3241,2022-09-09,10
3242,2022-09-09,1
3243,2022-09-09,20
3244,2022-09-09,8
3245,2022-09-09,13
3246,2022-09-09,1
3247,2022-09-09,20
3248,2022-09-09,10
3249,2022-09-09,4
3250,2022-09-09,3
3251,2022-09-09,17
3252,2022-09-09,19
3253,2022-09-09,4
3254,2022-09-09,19
3255,2022-09-09,16
3256,2022-09-09,18
3257,2022-09-09,3
3258,2022-09-09,20
3259,2022-09-09,20
3260,2022-09-09,0
3261,2022-09-09,18
3262,2022-09-09,6
3263,2022-09-09,17
3264,2022-09-09,12
3265,2022-09-09,0
3266,2022-09-09,0
3267,2022-09-09,3
3268,2022-09-09,6
3269,2022-09-09,20
3270,2022-09-09,9
3271,2022-09-09,13
3272,2022-09-09,14
3273,2022-09-09,12
3274,2022-09-09,9
3275,2022-09-09,0
3276,2022-09-09,0
3277,2022-09-09,16
3278,2022-09-09,20
3279,2022-09-09,10
3280,2022-09-09,10
3281,2022-09-09,16
3282,2022-09-09,7
3283,2022-09-09,6
3284,2022-09-09,11
3285,2022-09-09,15
3286,2022-09-09,19
3287,2022-09-09,12
3288,2022-09-09,13
3289,2022-09-09,9
3290,2022-09-09,1
3291,2022-09-09,20
3292,2022-09-09,4
3293,2022-09-09,4
3294,2022-09-09,8
3295,2022-09-09,11
3296,2022-09-09,2
3297,2022-09-09,18
3298,2022-09-09,16
3299,2022-09-09,14
3300,2022-09-09,0
3301,2022-09-09,8
3302,2022-09-09,16
3303,2022-09-09,9
3304,2022-09-09,13
3305,2022-09-09,16
3306,2022-09-09,16
3307,2022-09-09,19
3308,2022-09-09,18
3309,2022-09-09,14
3310,2022-09-09,0
3311,2022-09-09,2
3312,2022-09-09,10
3313,2022-09-09,17
3314,2022-09-09,12
3315,2022-09-09,16
3316,2022-09-09,8
3317,2022-09-09,10
3318,2022-09-09,15
3319,2022-09-09,16
3320,2022-09-09,0
3321,2022-09-09,7
3322,2022-09-09,16
3323,2022-09-09,3
3324,2022-09-09,14
3325,2022-09-09,10
3326,2022-09-09,1
3327,2022-09-09,2
3328,2022-09-09,3
3329,2022-09-09,6
3330,2022-09-09,6
3331,2022-09-09,3
3332,2022-09-09,8
3333,2022-09-09,9
3334,2022-09-09,0
3335,2022-09-09,0
3336,2022-09-09,1
3337,2022-09-09,11
3338,2022-09-09,1
3339,2022-09-09,4
3340,2022-09-09,17
3341,2022-09-09,15
3342,2022-09-09,13
3343,2022-09-09,18
3344,2022-09-09,4
3345,2022-09-09,18
3346,2022-09-09,5
3347,2022-09-09,11
3348,2022-09-09,3
3349,2022-09-09,11
3350,2022-09-09,15
3351,2022-09-09,8
3352,2022-09-09,16
3353,2022-09-09,5
3354,2022-09-09,11
3355,2022-09-09,7
3356,2022-09-09,8
3357,2022-09-09,10
3358,2022-09-09,5
3359,2022-09-09,1
3360,2022-09-09,9
3361,2022-09-09,11
3362,2022-09-09,14
3363,2022-09-09,18
3364,2022-09-09,19
3365,2022-09-09,3
3366,2022-09-09,12
3367,2022-09-09,11
3368,2022-09-09,17
3369,2022-09-09,20
3370,2022-09-09,6
3371,2022-09-09,7
3372,2022-09-09,6
3373,2022-09-09,17
3374,2022-09-09,12
3375,2022-09-09,8
3376,2022-09-09,20
3377,2022-09-09,15
3378,2022-09-09,19
3379,2022-09-09,4
3380,2022-09-09,14
3381,2022-09-09,6
3382,2022-09-09,16
3383,2022-09-09,15
3384,2022-09-09,20
3385,2022-09-09,8
3386,2022-09-09,14
3387,2022-09-09,15
3388,2022-09-09,20
3389,2022-09-09,1
3390,2022-09-09,11
3391,2022-09-09,13
3392,2022-09-09,19
3393,2022-09-09,11
3394,2022-09-09,4
3395,2022-09-09,19
3396,2022-09-09,10
3397,2022-09-09,16
3398,2022-09-09,16
3399,2022-09-09,16
3400,2022-09-09,1
3401,2022-09-09,7
3402,2022-09-09,1
3403,2022-09-09,7
3404,2022-09-09,6
3405,2022-09-09,8
3406,2022-09-09,20
3407,2022-09-09,10
3408,2022-09-09,18
3409,2022-09-09,19
3410,2022-09-09,8
3411,2022-09-09,1
3412,2022-09-09,8
3413,2022-09-09,0
3414,2022-09-09,11
3415,2022-09-09,2
3416,2022-09-09,3
3417,2022-09-09,17
3418,2022-09-09,9
3419,2022-09-09,11
3420,2022-09-09,7
3421,2022-09-09,20
3422,2022-09-09,20
3423,2022-09-09,8
3424,2022-09-09,8
3425,2022-09-09,8
3426,2022-09-09,10
3427,2022-09-09,6
3428,2022-09-09,2
3429,2022-09-09,11
3430,2022-09-09,12
3431,2022-09-09,1
3432,2022-09-09,18
3433,2022-09-09,4
3434,2022-09-09,0
3435,2022-09-09,5
3436,2022-09-09,12
3437,2022-09-09,1
3438,2022-09-09,9
3439,2022-09-09,2
3440,2022-09-09,12
3441,2022-09-09,17
3442,2022-09-09,6
3443,2022-09-09,11
3444,2022-09-09,14
3445,2022-09-09,17
3446,2022-09-09,3
3447,2022-09-09,20
3448,2022-09-09,0
3449,2022-09-09,11
3450,2022-09-09,16
3451,2022-09-09,8
3452,2022-09-09,4
3453,2022-09-09,3
3454,2022-09-09,15
3455,2022-09-09,10
3456,2022-09-09,7
3457,2022-09-09,0
3458,2022-09-09,6
3459,2022-09-09,10
3460,2022-09-09,2
3461,2022-09-09,7
3462,2022-09-09,1
3463,2022-09-09,19
3464,2022-09-09,6
3465,2022-09-09,1
3466,2022-09-09,0
3467,2022-09-09,6
3468,2022-09-09,3
3469,2022-09-09,16
3470,2022-09-09,17
3471,2022-09-09,11
3472,2022-09-09,10
3473,2022-09-09,18
3474,2022-09-09,18
3475,2022-09-09,11
3476,2022-09-09,8
3477,2022-09-09,6
3478,2022-09-09,14
3479,2022-09-09,12
3480,2022-09-09,5
3481,2022-09-09,18
3482,2022-09-09,19
3483,2022-09-09,12
3484,2022-09-09,20
3485,2022-09-09,1
3486,2022-09-09,18
3487,2022-09-09,8
3488,2022-09-09,5
3489,2022-09-09,6
3490,2022-09-09,1
3491,2022-09-09,1
3492,2022-09-09,16
3493,2022-09-09,12
3494,2022-09-09,16
3495,2022-09-09,0
3496,2022-09-09,5
3497,2022-09-09,14
3498,2022-09-09,1
3499,2022-09-09,9
3500,2022-09-09,7
3501,2022-09-09,17
3502,2022-09-09,2
3503,2022-09-09,17
3504,2022-09-09,5
3505,2022-09-09,20
3506,2022-09-09,14
3507,2022-09-09,3
3508,2022-09-09,15
3509,2022-09-09,6
3510,2022-09-09,15
3511,2022-09-09,17
3512,2022-09-09,1
3513,2022-09-09,5
3514,2022-09-09,18
3515,2022-09-09,11
3516,2022-09-09,14
3517,2022-09-09,16
3518,2022-09-09,0
3519,2022-09-09,19
3520,2022-09-09,7
3521,2022-09-09,15
3522,2022-09-09,2
3523,2022-09-09,3
3524,2022-09-09,12
3525,2022-09-09,9
3526,2022-09-09,16
3527,2022-09-09,19
3528,2022-09-09,19
3529,2022-09-09,8
3530,2022-09-09,7
3531,2022-09-09,17
3532,2022-09-09,14
3533,2022-09-09,17
3534,2022-09-09,5
3535,2022-09-09,5
3536,2022-09-09,11
3537,2022-09-09,5
3538,2022-09-09,4
3539,2022-09-09,2
3540,2022-09-09,15
3541,2022-09-09,16
3542,2022-09-09,6
3543,2022-09-09,16
3544,2022-09-09,18
3545,2022-09-09,2
3546,2022-09-09,12
3547,2022-09-09,20
3548,2022-09-09,2
3549,2022-09-09,4
3550,2022-09-09,19
3551,2022-09-09,1
3552,2022-09-09,2
3553,2022-09-09,16
3554,2022-09-09,13
3555,2022-09-09,3
3556,2022-09-09,17
3557,2022-09-09,0
3558,2022-09-09,7
3559,2022-09-09,5
3560,2022-09-09,14
3561,2022-09-09,0
3562,2022-09-09,3
3563,2022-09-09,8
3564,2022-09-09,9
3565,2022-09-09,9
3566,2022-09-09,3
3567,2022-09-09,7
3568,2022-09-09,14
3569,2022-09-09,7
3570,2022-09-09,6
3571,2022-09-09,6
3572,2022-09-09,19
3573,2022-09-09,10
3574,2022-09-09,1
3575,2022-09-09,3
3576,2022-09-09,3
3577,2022-09-09,10
3578,2022-09-09,8
3579,2022-09-09,20
3580,2022-09-09,8
3581,2022-09-09,1
3582,2022-09-09,12
3583,2022-09-09,11
3584,2022-09-09,3
3585,2022-09-09,7
3586,2022-09-09,2
3587,2022-09-09,11
3588,2022-09-09,20
3589,2022-09-09,20
3590,2022-09-09,9
3591,2022-09-09,5
3592,2022-09-09,16
3593,2022-09-09,14
3594,2022-09-09,3
3595,2022-09-09,8
3596,2022-09-09,8
3597,2022-09-09,5
3598,2022-09-09,14
3599,2022-09-09,15
3600,2022-09-09,9
3601,2022-09-09,13
3602,2022-09-09,15
3603,2022-09-09,19
3604,2022-09-09,1
3605,2022-09-09,7
3606,2022-09-09,4
3607,2022-09-09,15
3608,2022-09-09,6
3609,2022-09-09,18
3610,2022-09-09,15
3611,2022-09-09,4
3612,2022-09-09,20
3613,2022-09-09,3
3614,2022-09-09,20
3615,2022-09-09,0
3616,2022-09-09,20
3617,2022-09-09,12
3618,2022-09-09,11
3619,2022-09-09,6
3620,2022-09-09,2
3621,2022-09-09,9
3622,2022-09-09,15
3623,2022-09-09,13
3624,2022-09-09,20
3625,2022-09-09,4
3626,2022-09-09,19
3627,2022-09-09,8
3628,2022-09-09,10
3629,2022-09-09,0
3630,2022-09-09,10
3631,2022-09-09,20
3632,2022-09-09,14
3633,2022-09-09,14
3634,2022-09-09,13
3635,2022-09-09,13
3636,2022-09-09,8
3637,2022-09-09,11
3638,2022-09-09,16
3639,2022-09-09,7
3640,2022-09-09,14
3641,2022-09-09,17
3642,2022-09-09,12
3643,2022-09-09,11
3644,2022-09-09,6
3645,2022-09-09,18
3646,2022-09-09,10
3647,2022-09-09,14
3648,2022-09-09,1
3649,2022-09-09,12
3650,2022-09-09,10
3651,2022-09-09,14
3652,2022-09-09,5
3653,2022-09-09,2
3654,2022-09-09,2
3655,2022-09-09,3
3656,2022-09-09,15
3657,2022-09-09,16
3658,2022-09-09,13
3659,2022-09-09,19
3660,2022-09-09,17
3661,2022-09-09,4
3662,2022-09-09,12
3663,2022-09-09,1
3664,2022-09-09,0
3665,2022-09-09,9
3666,2022-09-09,19
3667,2022-09-09,10
3668,2022-09-09,5
3669,2022-09-09,13
3670,2022-09-09,6
3671,2022-09-09,2
3672,2022-09-09,6
3673,2022-09-09,1
3674,2022-09-09,13
3675,2022-09-09,10
3676,2022-09-09,2
3677,2022-09-09,8
3678,2022-09-09,7
3679,2022-09-09,15
3680,2022-09-09,2
3681,2022-09-09,15
3682,2022-09-09,1
3683,2022-09-09,13
3684,2022-09-09,11
3685,2022-09-09,14
3686,2022-09-09,5
3687,2022-09-09,9
3688,2022-09-09,1
3689,2022-09-09,1
3690,2022-09-09,16
3691,2022-09-09,9
3692,2022-09-09,10
3693,2022-09-09,5
3694,2022-09-09,4
3695,2022-09-09,20
3696,2022-09-09,17
3697,2022-09-09,1
3698,2022-09-09,5
3699,2022-09-09,20
3700,2022-09-09,12
3701,2022-09-09,6
3702,2022-09-09,5
3703,2022-09-09,6
3704,2022-09-09,15
3705,2022-09-09,9
3706,2022-09-09,13
3707,2022-09-09,2
3708,2022-09-09,2
3709,2022-09-09,16
3710,2022-09-09,6
3711,2022-09-09,10
3712,2022-09-09,12
3713,2022-09-09,17
3714,2022-09-09,9
3715,2022-09-09,1
3716,2022-09-09,17
3717,2022-09-09,19
3718,2022-09-09,0
3719,2022-09-09,13
3720,2022-09-09,17
3721,2022-09-09,12
3722,2022-09-09,13
3723,2022-09-09,19
3724,2022-09-09,2
3725,2022-09-09,13
3726,2022-09-09,2
3727,2022-09-09,17
3728,2022-09-09,1
3729,2022-09-09,13
3730,2022-09-09,11
3731,2022-09-09,17
3732,2022-09-09,3
3733,2022-09-09,1
3734,2022-09-09,10
3735,2022-09-09,2
3736,2022-09-09,12
3737,2022-09-09,9
3738,2022-09-09,2
3739,2022-09-09,20
3740,2022-09-09,9
3741,2022-09-09,2
3742,2022-09-09,12
3743,2022-09-09,0
3744,2022-09-09,16
3745,2022-09-09,12
3746,2022-09-09,18
3747,2022-09-09,7
3748,2022-09-09,0
3749,2022-09-09,15
3750,2022-09-09,20
3751,2022-09-09,6
3752,2022-09-09,6
3753,2022-09-09,5
3754,2022-09-09,13
3755,2022-09-09,14
3756,2022-09-09,16
3757,2022-09-09,10
3758,2022-09-09,10
3759,2022-09-09,14
3760,2022-09-09,13
3761,2022-09-09,19
3762,2022-09-09,20
3763,2022-09-09,20
3764,2022-09-09,18
3765,2022-09-09,1
3766,2022-09-09,20
3767,2022-09-09,12
3768,2022-09-09,13
3769,2022-09-09,7
3770,2022-09-09,9
3771,2022-09-09,12
3772,2022-09-09,8
3773,2022-09-09,10
3774,2022-09-09,19
3775,2022-09-09,2
3776,2022-09-09,17
3777,2022-09-09,9
3778,2022-09-09,11
3779,2022-09-09,0
3780,2022-09-09,14
3781,2022-09-09,13
3782,2022-09-09,1
3783,2022-09-09,2
3784,2022-09-09,8
3785,2022-09-09,3
3786,2022-09-09,9
3787,2022-09-09,5
3788,2022-09-09,10
3789,2022-09-09,8
3790,2022-09-09,15
3791,2022-09-09,15
3792,2022-09-09,8
3793,2022-09-09,19
3794,2022-09-09,6
3795,2022-09-09,10
3796,2022-09-09,17
3797,2022-09-09,18
3798,2022-09-09,12
3799,2022-09-09,5
3800,2022-09-09,3
3801,2022-09-09,2
3802,2022-09-09,9
3803,2022-09-09,5
3804,2022-09-09,15
3805,2022-09-09,19
3806,2022-09-09,1
3807,2022-09-09,16
3808,2022-09-09,5
3809,2022-09-09,17
3810,2022-09-09,5
3811,2022-09-09,11
3812,2022-09-09,9
3813,2022-09-09,10
3814,2022-09-09,14
3815,2022-09-09,15
3816,2022-09-09,13
3817,2022-09-09,7
3818,2022-09-09,3
3819,2022-09-09,19
3820,2022-09-09,14
3821,2022-09-09,16
3822,2022-09-09,10
3823,2022-09-09,19
3824,2022-09-09,6
3825,2022-09-09,2
3826,2022-09-09,14
3827,2022-09-09,9
3828,2022-09-09,7
3829,2022-09-09,20
3830,2022-09-09,1
3831,2022-09-09,4
3832,2022-09-09,13
3833,2022-09-09,5
3834,2022-09-09,1
3835,2022-09-09,9
3836,2022-09-09,5
3837,2022-09-09,8
3838,2022-09-09,8
3839,2022-09-09,11
3840,2022-09-09,10
3841,2022-09-09,3
3842,2022-09-09,17
3843,2022-09-09,0
3844,2022-09-09,20
3845,2022-09-09,0
3846,2022-09-09,12
3847,2022-09-09,1
3848,2022-09-09,17
3849,2022-09-09,8
3850,2022-09-09,7
3851,2022-09-09,12
3852,2022-09-09,10
3853,2022-09-09,3
3854,2022-09-09,4
3855,2022-09-09,1
3856,2022-09-09,12
3857,2022-09-09,20
3858,2022-09-09,1
3859,2022-09-09,10
3860,2022-09-09,16
3861,2022-09-09,19
3862,2022-09-09,8
3863,2022-09-09,17
3864,2022-09-09,18
3865,2022-09-09,6
3866,2022-09-09,8
3867,2022-09-09,15
3868,2022-09-09,10
3869,2022-09-09,9
3870,2022-09-09,4
3871,2022-09-09,19
3872,2022-09-09,14
3873,2022-09-09,11
3874,2022-09-09,12
3875,2022-09-09,12
3876,2022-09-09,4
3877,2022-09-09,5
3878,2022-09-09,6
3879,2022-09-09,1
3880,2022-09-09,6
3881,2022-09-09,7
3882,2022-09-09,4
3883,2022-09-09,3
3884,2022-09-09,20
3885,2022-09-09,3
3886,2022-09-09,16
3887,2022-09-09,15
3888,2022-09-09,0
3889,2022-09-09,1
3890,2022-09-09,7
3891,2022-09-09,12
3892,2022-09-09,8
3893,2022-09-09,18
3894,2022-09-09,0
3895,2022-09-09,15
3896,2022-09-09,1
3897,2022-09-09,14
3898,2022-09-09,9
3899,2022-09-09,14
3900,2022-09-09,5
3901,2022-09-09,8
3902,2022-09-09,5
3903,2022-09-09,6
3904,2022-09-09,11
3905,2022-09-09,8
3906,2022-09-09,11
3907,2022-09-09,20
3908,2022-09-09,1
3909,2022-09-09,14
3910,2022-09-09,18
3911,2022-09-09,2
3912,2022-09-09,15
3913,2022-09-09,12
3914,2022-09-09,12
3915,2022-09-09,8
3916,2022-09-09,13
3917,2022-09-09,20
3918,2022-09-09,3
3919,2022-09-09,15
3920,2022-09-09,8
3921,2022-09-09,13
3922,2022-09-09,5
3923,2022-09-09,13
3924,2022-09-09,8
3925,2022-09-09,5
3926,2022-09-09,8
3927,2022-09-09,9
3928,2022-09-09,10
3929,2022-09-09,18
3930,2022-09-09,20
3931,2022-09-09,14
3932,2022-09-09,6
3933,2022-09-09,3
3934,2022-09-09,4
3935,2022-09-09,7
3936,2022-09-09,10
3937,2022-09-09,7
3938,2022-09-09,9
3939,2022-09-09,6
3940,2022-09-09,20
3941,2022-09-09,1
3942,2022-09-09,17
3943,2022-09-09,4
3944,2022-09-09,1
3945,2022-09-09,10
3946,2022-09-09,17
3947,2022-09-09,17
3948,2022-09-09,10
3949,2022-09-09,8
3950,2022-09-09,3
3951,2022-09-09,19
3952,2022-09-09,0
3953,2022-09-09,6
3954,2022-09-09,20
3955,2022-09-09,11
3956,2022-09-09,17
3957,2022-09-09,16
3958,2022-09-09,17
3959,2022-09-09,4
3960,2022-09-09,8
3961,2022-09-09,17
3962,2022-09-09,0
3963,2022-09-09,1
3964,2022-09-09,7
3965,2022-09-09,17
3966,2022-09-09,7
3967,2022-09-09,5
3968,2022-09-09,7
3969,2022-09-09,13
3970,2022-09-09,4
3971,2022-09-09,3
3972,2022-09-09,11
3973,2022-09-09,12
3974,2022-09-09,14
3975,2022-09-09,6
3976,2022-09-09,6
3977,2022-09-09,7
3978,2022-09-09,14
3979,2022-09-09,5
3980,2022-09-09,19
3981,2022-09-09,4
3982,2022-09-09,5
3983,2022-09-09,6
3984,2022-09-09,10
3985,2022-09-09,14
3986,2022-09-09,19
3987,2022-09-09,8
3988,2022-09-09,17
3989,2022-09-09,12
3990,2022-09-09,9
3991,2022-09-09,12
3992,2022-09-09,8
3993,2022-09-09,13
3994,2022-09-09,14
3995,2022-09-09,0
3996,2022-09-09,9
3997,2022-09-09,14
3998,2022-09-09,6
3999,2022-09-09,20
4000,2022-09-09,13
4001,2022-09-09,13
4002,2022-09-09,18
4003,2022-09-09,20
4004,2022-09-09,18
4005,2022-09-09,17
4006,2022-09-09,2
4007,2022-09-09,19
4008,2022-09-09,8
4009,2022-09-09,19
4010,2022-09-09,1
4011,2022-09-09,9
4012,2022-09-09,11
4013,2022-09-09,4
4014,2022-09-09,12
4015,2022-09-09,15
4016,2022-09-09,12
4017,2022-09-09,4
4018,2022-09-09,6
4019,2022-09-09,2
4020,2022-09-09,8
4021,2022-09-09,20
4022,2022-09-09,4
4023,2022-09-09,10
4024,2022-09-09,12
4025,2022-09-09,14
4026,2022-09-09,3
4027,2022-09-09,5
4028,2022-09-09,12
4029,2022-09-09,18
4030,2022-09-09,3
4031,2022-09-09,2
4032,2022-09-09,5
4033,2022-09-09,18
4034,2022-09-09,1
4035,2022-09-09,20
4036,2022-09-09,20
4037,2022-09-09,6
4038,2022-09-09,5
4039,2022-09-09,1
4040,2022-09-09,18
4041,2022-09-09,12
4042,2022-09-09,18
4043,2022-09-09,10
4044,2022-09-09,17
4045,2022-09-09,6
4046,2022-09-09,19
4047,2022-09-09,1
4048,2022-09-09,6
4049,2022-09-09,1
4050,2022-09-09,10
4051,2022-09-09,5
4052,2022-09-09,15
4053,2022-09-09,5
4054,2022-09-09,7
4055,2022-09-09,8
4056,2022-09-09,16
4057,2022-09-09,19
4058,2022-09-09,8
4059,2022-09-09,0
4060,2022-09-09,17
4061,2022-09-09,6
4062,2022-09-09,3
4063,2022-09-09,7
4064,2022-09-09,1
4065,2022-09-09,4
4066,2022-09-09,16
4067,2022-09-09,4
4068,2022-09-09,16
4069,2022-09-09,1
4070,2022-09-09,4
4071,2022-09-09,3
4072,2022-09-09,20
4073,2022-09-09,0
4074,2022-09-09,3
4075,2022-09-09,20
4076,2022-09-09,0
4077,2022-09-09,3
4078,2022-09-09,12
4079,2022-09-09,3
4080,2022-09-09,7
4081,2022-09-09,4
4082,2022-09-09,1
4083,2022-09-09,12
4084,2022-09-09,4
4085,2022-09-09,11
4086,2022-09-09,4
4087,2022-09-09,16
4088,2022-09-09,15
4089,2022-09-09,2
4090,2022-09-09,18
4091,2022-09-09,17
4092,2022-09-09,3
4093,2022-09-09,5
4094,2022-09-09,9
4095,2022-09-09,12
4096,2022-09-09,2
4097,2022-09-09,19
4098,2022-09-09,3
4099,2022-09-09,20
4100,2022-09-09,2
4101,2022-09-09,18
4102,2022-09-09,9
4103,2022-09-09,6
4104,2022-09-09,18
4105,2022-09-09,15
4106,2022-09-09,3
4107,2022-09-09,6
4108,2022-09-09,10
4109,2022-09-09,2
4110,2022-09-09,7
4111,2022-09-09,6
4112,2022-09-09,11
4113,2022-09-09,0
4114,2022-09-09,6
4115,2022-09-09,19
4116,2022-09-09,16
4117,2022-09-09,8
4118,2022-09-09,5
4119,2022-09-09,17
4120,2022-09-09,6
4121,2022-09-09,2
4122,2022-09-09,7
4123,2022-09-09,3
4124,2022-09-09,2
4125,2022-09-09,18
4126,2022-09-09,7
4127,2022-09-09,3
4128,2022-09-09,19
4129,2022-09-09,6
4130,2022-09-09,12
4131,2022-09-09,16
4132,2022-09-09,7
4133,2022-09-09,14
4134,2022-09-09,13
4135,2022-09-09,1
4136,2022-09-09,0
4137,2022-09-09,17
4138,2022-09-09,20
4139,2022-09-09,19
4140,2022-09-09,7
4141,2022-09-09,19
4142,2022-09-09,13
4143,2022-09-09,3
4144,2022-09-09,7
4145,2022-09-09,15
4146,2022-09-09,13
4147,2022-09-09,5
4148,2022-09-09,17
4149,2022-09-09,7
4150,2022-09-09,13
4151,2022-09-09,11
4152,2022-09-09,4
4153,2022-09-09,17
4154,2022-09-09,11
4155,2022-09-09,9
4156,2022-09-09,3
4157,2022-09-09,6
4158,2022-09-09,14
4159,2022-09-09,3
4160,2022-09-09,12
4161,2022-09-09,17
4162,2022-09-09,6
4163,2022-09-09,19
4164,2022-09-09,17
4165,2022-09-09,13
4166,2022-09-09,20
4167,2022-09-09,4
4168,2022-09-09,11
4169,2022-09-09,3
4170,2022-09-09,17
4171,2022-09-09,5
4172,2022-09-09,16
4173,2022-09-09,19
4174,2022-09-09,2
4175,2022-09-09,7
4176,2022-09-09,3
4177,2022-09-09,9
4178,2022-09-09,15
4179,2022-09-09,15
4180,2022-09-09,2
4181,2022-09-09,20
4182,2022-09-09,1
4183,2022-09-09,8
4184,2022-09-09,7
4185,2022-09-09,14
4186,2022-09-09,9
4187,2022-09-09,14
4188,2022-09-09,19
4189,2022-09-09,16
4190,2022-09-09,13
4191,2022-09-09,8
4192,2022-09-09,7
4193,2022-09-09,14
4194,2022-09-09,17
4195,2022-09-09,7
4196,2022-09-09,15
4197,2022-09-09,0
4198,2022-09-09,17
4199,2022-09-09,2
4200,2022-09-09,14
4201,2022-09-09,12
4202,2022-09-09,13
4203,2022-09-09,0
4204,2022-09-09,10
4205,2022-09-09,20
4206,2022-09-09,20
4207,2022-09-09,10
4208,2022-09-09,17
4209,2022-09-09,7
4210,2022-09-09,16
4211,2022-09-09,16
4212,2022-09-09,20
4213,2022-09-09,0
4214,2022-09-09,8
4215,2022-09-09,3
4216,2022-09-09,0
4217,2022-09-09,15
4218,2022-09-09,14
4219,2022-09-09,2
4220,2022-09-09,11
4221,2022-09-09,5
4222,2022-09-09,0
4223,2022-09-09,1
4224,2022-09-09,0
4225,2022-09-09,3
4226,2022-09-09,5
4227,2022-09-09,8
4228,2022-09-09,5
4229,2022-09-09,4
4230,2022-09-09,9
4231,2022-09-09,15
4232,2022-09-09,6
4233,2022-09-09,3
4234,2022-09-09,7
4235,2022-09-09,3
4236,2022-09-09,11
4237,2022-09-09,16
4238,2022-09-09,0
4239,2022-09-09,11
4240,2022-09-09,9
4241,2022-09-09,2
4242,2022-09-09,10
4243,2022-09-09,14
4244,2022-09-09,6
4245,2022-09-09,5
4246,2022-09-09,9
4247,2022-09-09,7
4248,2022-09-09,4
4249,2022-09-09,16
4250,2022-09-09,6
4251,2022-09-09,9
4252,2022-09-09,6
4253,2022-09-09,19
4254,2022-09-09,11
4255,2022-09-09,20
4256,2022-09-09,5
4257,2022-09-09,16
4258,2022-09-09,17
4259,2022-09-09,2
4260,2022-09-09,6
4261,2022-09-09,2
4262,2022-09-09,0
4263,2022-09-09,13
4264,2022-09-09,10
4265,2022-09-09,18
4266,2022-09-09,1
4267,2022-09-09,14
4268,2022-09-09,12
4269,2022-09-09,18
4270,2022-09-09,2
4271,2022-09-09,16
4272,2022-09-09,10
4273,2022-09-09,10
4274,2022-09-09,17
4275,2022-09-09,0
4276,2022-09-09,2
4277,2022-09-09,0
4278,2022-09-09,3
4279,2022-09-09,14
4280,2022-09-09,9
4281,2022-09-09,4
4282,2022-09-09,14
4283,2022-09-09,10
4284,2022-09-09,4
4285,2022-09-09,7
4286,2022-09-09,17
4287,2022-09-09,11
4288,2022-09-09,5
4289,2022-09-09,8
4290,2022-09-09,3
4291,2022-09-09,6
4292,2022-09-09,6
4293,2022-09-09,9
4294,2022-09-09,14
4295,2022-09-09,18
4296,2022-09-09,3
4297,2022-09-09,20
4298,2022-09-09,3
4299,2022-09-09,18
4300,2022-09-09,18
4301,2022-09-09,20
4302,2022-09-09,3
4303,2022-09-09,15
4304,2022-09-09,16
4305,2022-09-09,0
4306,2022-09-09,9
4307,2022-09-09,6
4308,2022-09-09,6
4309,2022-09-09,12
4310,2022-09-09,17
4311,2022-09-09,9
4312,2022-09-09,4
4313,2022-09-09,19
4314,2022-09-09,8
4315,2022-09-09,8
4316,2022-09-09,9
4317,2022-09-09,4
4318,2022-09-09,5
4319,2022-09-09,11
4320,2022-09-09,14
4321,2022-09-09,9
4322,2022-09-09,9
4323,2022-09-09,17
4324,2022-09-09,3
4325,2022-09-09,13
4326,2022-09-09,9
4327,2022-09-09,17
4328,2022-09-09,3
4329,2022-09-09,1
4330,2022-09-09,9
4331,2022-09-09,5
4332,2022-09-09,3
4333,2022-09-09,2
4334,2022-09-09,2
4335,2022-09-09,7
4336,2022-09-09,4
4337,2022-09-09,2
4338,2022-09-09,12
4339,2022-09-09,1
4340,2022-09-09,18
4341,2022-09-09,4
4342,2022-09-09,4
4343,2022-09-09,14
4344,2022-09-09,19
4345,2022-09-09,10
4346,2022-09-09,6
4347,2022-09-09,8
4348,2022-09-09,17
4349,2022-09-09,3
4350,2022-09-09,17